-- phpMyAdmin SQL Dump
-- version 5.0.4
-- https://www.phpmyadmin.net/
--
-- Servidor: 127.0.0.1
-- Tiempo de generaci칩n: 20-05-2022 a las 00:59:08
-- Versi칩n del servidor: 10.4.17-MariaDB
-- Versi칩n de PHP: 8.0.0

SET SQL_MODE = "NO_AUTO_VALUE_ON_ZERO";
START TRANSACTION;
SET time_zone = "+00:00";


/*!40101 SET @OLD_CHARACTER_SET_CLIENT=@@CHARACTER_SET_CLIENT */;
/*!40101 SET @OLD_CHARACTER_SET_RESULTS=@@CHARACTER_SET_RESULTS */;
/*!40101 SET @OLD_COLLATION_CONNECTION=@@COLLATION_CONNECTION */;
/*!40101 SET NAMES utf8mb4 */;

--
-- Base de datos: `tfg_2021`
--

-- --------------------------------------------------------

--
-- Estructura de tabla para la tabla `auth_group`
--

CREATE TABLE `auth_group` (
  `id` int(11) NOT NULL,
  `name` varchar(150) NOT NULL
) ENGINE=InnoDB DEFAULT CHARSET=utf8mb4;

-- --------------------------------------------------------

--
-- Estructura de tabla para la tabla `auth_group_permissions`
--

CREATE TABLE `auth_group_permissions` (
  `id` bigint(20) NOT NULL,
  `group_id` int(11) NOT NULL,
  `permission_id` int(11) NOT NULL
) ENGINE=InnoDB DEFAULT CHARSET=utf8mb4;

-- --------------------------------------------------------

--
-- Estructura de tabla para la tabla `auth_permission`
--

CREATE TABLE `auth_permission` (
  `id` int(11) NOT NULL,
  `name` varchar(255) NOT NULL,
  `content_type_id` int(11) NOT NULL,
  `codename` varchar(100) NOT NULL
) ENGINE=InnoDB DEFAULT CHARSET=utf8mb4;

--
-- Volcado de datos para la tabla `auth_permission`
--

INSERT INTO `auth_permission` (`id`, `name`, `content_type_id`, `codename`) VALUES
(1, 'Can add log entry', 1, 'add_logentry'),
(2, 'Can change log entry', 1, 'change_logentry'),
(3, 'Can delete log entry', 1, 'delete_logentry'),
(4, 'Can view log entry', 1, 'view_logentry'),
(5, 'Can add permission', 2, 'add_permission'),
(6, 'Can change permission', 2, 'change_permission'),
(7, 'Can delete permission', 2, 'delete_permission'),
(8, 'Can view permission', 2, 'view_permission'),
(9, 'Can add group', 3, 'add_group'),
(10, 'Can change group', 3, 'change_group'),
(11, 'Can delete group', 3, 'delete_group'),
(12, 'Can view group', 3, 'view_group'),
(13, 'Can add user', 4, 'add_user'),
(14, 'Can change user', 4, 'change_user'),
(15, 'Can delete user', 4, 'delete_user'),
(16, 'Can view user', 4, 'view_user'),
(17, 'Can add content type', 5, 'add_contenttype'),
(18, 'Can change content type', 5, 'change_contenttype'),
(19, 'Can delete content type', 5, 'delete_contenttype'),
(20, 'Can view content type', 5, 'view_contenttype'),
(21, 'Can add session', 6, 'add_session'),
(22, 'Can change session', 6, 'change_session'),
(23, 'Can delete session', 6, 'delete_session'),
(24, 'Can view session', 6, 'view_session'),
(25, 'Can add medico', 7, 'add_medico'),
(26, 'Can change medico', 7, 'change_medico'),
(27, 'Can delete medico', 7, 'delete_medico'),
(28, 'Can view medico', 7, 'view_medico'),
(29, 'Can add variables', 8, 'add_variables'),
(30, 'Can change variables', 8, 'change_variables'),
(31, 'Can delete variables', 8, 'delete_variables'),
(32, 'Can view variables', 8, 'view_variables'),
(33, 'Can add psa', 9, 'add_psa'),
(34, 'Can change psa', 9, 'change_psa'),
(35, 'Can delete psa', 9, 'delete_psa'),
(36, 'Can view psa', 9, 'view_psa');

-- --------------------------------------------------------

--
-- Estructura de tabla para la tabla `auth_user`
--

CREATE TABLE `auth_user` (
  `id` int(11) NOT NULL,
  `password` varchar(128) NOT NULL,
  `last_login` datetime(6) DEFAULT NULL,
  `is_superuser` tinyint(1) NOT NULL,
  `username` varchar(150) NOT NULL,
  `first_name` varchar(150) NOT NULL,
  `last_name` varchar(150) NOT NULL,
  `email` varchar(254) NOT NULL,
  `is_staff` tinyint(1) NOT NULL,
  `is_active` tinyint(1) NOT NULL,
  `date_joined` datetime(6) NOT NULL
) ENGINE=InnoDB DEFAULT CHARSET=utf8mb4;

--
-- Volcado de datos para la tabla `auth_user`
--

INSERT INTO `auth_user` (`id`, `password`, `last_login`, `is_superuser`, `username`, `first_name`, `last_name`, `email`, `is_staff`, `is_active`, `date_joined`) VALUES
(2, 'pbkdf2_sha256$260000$BQyG6ZlIOirnQceY7Brzpr$C1iHbrtcJAGk6ZxHdXomVSXoe9fHilM2NdSp1giRA5E=', '2022-05-19 20:23:00.510112', 1, 'root', '', '', '', 1, 1, '2021-12-16 19:25:16.410881'),
(3, 'pbkdf2_sha256$260000$rQRrj9unm4OQJwbZuHDZuT$HHAlcU+bXcf1YY/YE8FjG4eTCL7QYt/5aanecWu7VZI=', '2021-12-17 10:57:08.655488', 0, 'anieto', 'Adri치n', 'Nieto', 'adrini01@ucm.es', 0, 1, '2021-12-16 20:59:47.000000');

-- --------------------------------------------------------

--
-- Estructura de tabla para la tabla `auth_user_groups`
--

CREATE TABLE `auth_user_groups` (
  `id` bigint(20) NOT NULL,
  `user_id` int(11) NOT NULL,
  `group_id` int(11) NOT NULL
) ENGINE=InnoDB DEFAULT CHARSET=utf8mb4;

-- --------------------------------------------------------

--
-- Estructura de tabla para la tabla `auth_user_user_permissions`
--

CREATE TABLE `auth_user_user_permissions` (
  `id` bigint(20) NOT NULL,
  `user_id` int(11) NOT NULL,
  `permission_id` int(11) NOT NULL
) ENGINE=InnoDB DEFAULT CHARSET=utf8mb4;

-- --------------------------------------------------------

--
-- Estructura de tabla para la tabla `core_medico`
--

CREATE TABLE `core_medico` (
  `id` int(11) NOT NULL,
  `nombre` varchar(45) NOT NULL,
  `apellidos` varchar(45) NOT NULL,
  `nick` varchar(45) NOT NULL,
  `password` varchar(45) NOT NULL
) ENGINE=InnoDB DEFAULT CHARSET=utf8mb4;

-- --------------------------------------------------------

--
-- Estructura de tabla para la tabla `core_psa`
--

CREATE TABLE `core_psa` (
  `id` bigint(20) NOT NULL,
  `psa` double NOT NULL,
  `fecha` date NOT NULL,
  `idPac_id` int(11) NOT NULL,
  `TSEG` double DEFAULT NULL,
  `tdupli` double DEFAULT NULL,
  `prob_EEC` int(11) DEFAULT NULL,
  `prob_lymph_inolved` int(11) DEFAULT NULL,
  `prob_organ_confined` int(11) DEFAULT NULL,
  `prob_seminal_invasion` int(11) DEFAULT NULL,
  `prob_surv_10yr` int(11) DEFAULT NULL,
  `prob_surv_15yr` int(11) DEFAULT NULL,
  `prog_free_10yr` int(11) DEFAULT NULL,
  `prog_free_5yr` int(11) DEFAULT NULL,
  `POST_prob_surv_15yr` int(11) DEFAULT NULL,
  `POST_prog_free_10yr` int(11) DEFAULT NULL,
  `POST_prog_free_5yr` int(11) DEFAULT NULL,
  `POST_prog_free_7yr` int(11) DEFAULT NULL
) ENGINE=InnoDB DEFAULT CHARSET=utf8mb4;

--
-- Volcado de datos para la tabla `core_psa`
--

INSERT INTO `core_psa` (`id`, `psa`, `fecha`, `idPac_id`, `TSEG`, `tdupli`, `prob_EEC`, `prob_lymph_inolved`, `prob_organ_confined`, `prob_seminal_invasion`, `prob_surv_10yr`, `prob_surv_15yr`, `prog_free_10yr`, `prog_free_5yr`, `POST_prob_surv_15yr`, `POST_prog_free_10yr`, `POST_prog_free_5yr`, `POST_prog_free_7yr`) VALUES
(9, 0.01, '2022-05-09', 1, 1, 9, NULL, NULL, NULL, NULL, NULL, NULL, NULL, NULL, 79, 84, 95, 88),
(10, 0.03, '2022-05-16', 1, 2, 0.29, NULL, NULL, NULL, NULL, NULL, NULL, NULL, NULL, 79, 84, 95, 88),
(11, 0.21, '2022-05-23', 1, 2, 0.16, NULL, NULL, NULL, NULL, NULL, NULL, NULL, NULL, 79, 84, 95, 88),
(16, 0.2, '2022-04-27', 6, NULL, NULL, 29, 2, 69, 1, 99, 99, 90, 94, 99, 88, 98, 94),
(17, 0.2, '2022-05-07', 2, 103, 0.56, 28, 2, 70, 1, 99, 99, 90, 95, 99, 88, 98, 94),
(34, 0.1, '2022-04-21', 5, 141, 0, NULL, NULL, NULL, NULL, NULL, NULL, NULL, NULL, NULL, NULL, NULL, NULL),
(35, 0.1, '2022-04-22', 5, 141, 0, NULL, NULL, NULL, NULL, NULL, NULL, NULL, NULL, NULL, NULL, NULL, NULL),
(45, 0.02, '2022-04-19', 6, 118, 0, NULL, NULL, NULL, NULL, NULL, NULL, NULL, NULL, NULL, NULL, NULL, NULL),
(50, 0.04, '2022-04-27', 6, 119, 0, NULL, NULL, NULL, NULL, NULL, NULL, NULL, NULL, 0, 82, 96, 90),
(51, 0.15, '2022-04-29', 6, NULL, NULL, NULL, NULL, NULL, NULL, NULL, NULL, NULL, NULL, NULL, NULL, NULL, NULL),
(52, 0.15, '2022-04-29', 6, 119, 0, NULL, NULL, NULL, NULL, NULL, NULL, NULL, NULL, 0, 82, 96, 90),
(53, 0.2, '2022-05-08', 6, 119, 2.49, NULL, NULL, NULL, NULL, NULL, NULL, NULL, NULL, 0, 82, 96, 90),
(54, 0.15, '2022-05-20', 6, 119, 1.23, NULL, NULL, NULL, NULL, NULL, NULL, NULL, NULL, 0, 82, 96, 90),
(55, 0.3, '2022-06-24', 6, 120, 0.98, NULL, NULL, NULL, NULL, NULL, NULL, NULL, NULL, 0, 82, 96, 90),
(56, 0.4, '2022-08-21', 6, 122, 1.27, NULL, NULL, NULL, NULL, NULL, NULL, NULL, NULL, 0, 82, 96, 90),
(57, 0.41, '2022-08-22', 6, 122, 1.33, NULL, NULL, NULL, NULL, NULL, NULL, NULL, NULL, 0, 82, 96, 90),
(58, 0.2, '2022-04-23', 6, 118, 1.39, NULL, NULL, NULL, NULL, NULL, NULL, NULL, NULL, 0, 82, 96, 90),
(65, 0.22, '2022-05-04', 7, 159, 1.1, NULL, NULL, NULL, NULL, NULL, NULL, NULL, NULL, NULL, NULL, NULL, NULL),
(66, 0.18, '2022-05-07', 7, 159, 1.29, NULL, NULL, NULL, NULL, NULL, NULL, NULL, NULL, NULL, NULL, NULL, NULL),
(67, 0.19, '2022-05-04', 7, 159, 1.33, NULL, NULL, NULL, NULL, NULL, NULL, NULL, NULL, NULL, NULL, NULL, NULL),
(68, 0.3, '2022-05-29', 7, 159, 1.36, NULL, NULL, NULL, NULL, NULL, NULL, NULL, NULL, NULL, NULL, NULL, NULL),
(69, 0.34, '2022-07-23', 7, 161, 2.2, NULL, NULL, NULL, NULL, NULL, NULL, NULL, NULL, NULL, NULL, NULL, NULL),
(70, 0.19, '2022-05-01', 7, 159, 2.21, NULL, NULL, NULL, NULL, NULL, NULL, NULL, NULL, NULL, NULL, NULL, NULL),
(71, 0.25, '2022-06-10', 7, 160, 2.26, NULL, NULL, NULL, NULL, NULL, NULL, NULL, NULL, NULL, NULL, NULL, NULL),
(72, 0.22, '2022-05-31', 7, NULL, NULL, NULL, NULL, NULL, NULL, NULL, NULL, NULL, NULL, NULL, NULL, NULL, NULL),
(79, 0.1, '2022-04-30', 2, 103, 3.9, 4, 1, 95, 1, 99, 99, 94, 97, 40, 49, 78, 57),
(83, 0.07, '2022-03-07', 2, 101, 24.69, 9, 2, 88, 1, 99, 99, 89, 94, 40, 49, 78, 57),
(84, 0.05, '2022-02-23', 2, 101, 3.97, NULL, NULL, NULL, NULL, NULL, NULL, NULL, NULL, NULL, NULL, NULL, NULL),
(86, 0.12, '2022-02-16', 2, 100, 52.5, 14, 1, 85, 1, 99, 99, 95, 97, NULL, NULL, NULL, NULL),
(87, 0.09, '2022-03-14', 2, 101, 36.3, NULL, NULL, NULL, NULL, NULL, NULL, NULL, NULL, 40, 49, 78, 57),
(88, 0.1, '2022-03-21', 2, 101, 69.92, NULL, NULL, NULL, NULL, NULL, NULL, NULL, NULL, 40, 49, 78, 57),
(89, 0.11, '2022-03-25', 2, 102, 453.05, NULL, NULL, NULL, NULL, NULL, NULL, NULL, NULL, 40, 49, 78, 57),
(90, 0.53, '2022-05-30', 1, 2, 0.15, NULL, NULL, NULL, NULL, NULL, NULL, NULL, NULL, 79, 84, 95, 88),
(91, 0.2, '2022-06-06', 2, 104, 5.88, NULL, NULL, NULL, NULL, NULL, NULL, NULL, NULL, 40, 49, 78, 57),
(92, 0.21, '2022-06-13', 2, 104, 4.28, NULL, NULL, NULL, NULL, NULL, NULL, NULL, NULL, 40, 49, 78, 57),
(94, 0.01, '2022-05-02', 1, 1, 0, NULL, NULL, NULL, NULL, NULL, NULL, NULL, NULL, NULL, NULL, NULL, NULL),
(96, 0.57, '2022-05-18', 2, 103, 2.17, NULL, NULL, NULL, NULL, NULL, NULL, NULL, NULL, 36, 45, 76, 54);

-- --------------------------------------------------------

--
-- Estructura de tabla para la tabla `core_variables`
--

CREATE TABLE `core_variables` (
  `ID` int(11) NOT NULL,
  `Fecha_PRL` date DEFAULT NULL,
  `EEC` int(11) DEFAULT NULL,
  `Estadiaje_RM` int(11) DEFAULT NULL,
  `Obesidad` int(11) DEFAULT NULL,
  `HTA` int(11) DEFAULT NULL,
  `Diabetes` int(11) DEFAULT NULL,
  `Gleason_sec_2` int(11) DEFAULT NULL,
  `TNM_pieza` int(11) DEFAULT NULL,
  `TR_preop` int(11) DEFAULT NULL,
  `Edad` int(11) DEFAULT NULL,
  `Max_afeccion` double DEFAULT NULL,
  `IVASC` int(11) DEFAULT NULL,
  `Diam_max` double DEFAULT NULL,
  `N_biopsias` int(11) DEFAULT NULL,
  `ILINF_pieza` int(11) DEFAULT NULL,
  `Gleason_pieza_PRL` int(11) DEFAULT NULL,
  `Familiar_CAP` int(11) DEFAULT NULL,
  `Gleason_biopsia` int(11) DEFAULT NULL,
  `Por_cil_pos` double DEFAULT NULL,
  `Por_cores_pos` double DEFAULT NULL,
  `Bilat` int(11) DEFAULT NULL,
  `IPN_pieza` int(11) DEFAULT NULL,
  `ILINF` int(11) DEFAULT NULL,
  `IVASC_pieza` int(11) DEFAULT NULL,
  `ISUP` int(11) DEFAULT NULL,
  `Fecha_Biopsia` date DEFAULT NULL,
  `Tipo_histologico` int(11) DEFAULT NULL,
  `Gleason_sec` int(11) DEFAULT NULL,
  `Gleason_pri` int(11) DEFAULT NULL,
  `Gleason_pri_2` int(11) DEFAULT NULL,
  `Bilat_2` int(11) DEFAULT NULL,
  `Localiz_en_pieza` int(11) DEFAULT NULL,
  `Multifocalidad` int(11) DEFAULT NULL,
  `Volumen_tumoral` double DEFAULT NULL,
  `Etnia` int(11) DEFAULT NULL,
  `cTNM_biopsia` int(11) DEFAULT NULL,
  `ISUP_RM` int(11) DEFAULT NULL,
  `IPN` int(11) DEFAULT NULL,
  `IVS` int(11) DEFAULT NULL,
  `PINAG` int(11) DEFAULT NULL,
  `MQP` int(11) DEFAULT NULL,
  `Tabaco` int(11) DEFAULT NULL,
  `T1_MTX` int(11) DEFAULT NULL,
  `Tratamiento` int(11) DEFAULT NULL,
  `Num_cil_neg` int(11) DEFAULT NULL,
  `Num_cil_pos` int(11) DEFAULT NULL,
  `Fecha_Nacimiento` date DEFAULT NULL
) ENGINE=InnoDB DEFAULT CHARSET=utf8mb4;

--
-- Volcado de datos para la tabla `core_variables`
--

INSERT INTO `core_variables` (`ID`, `Fecha_PRL`, `EEC`, `Estadiaje_RM`, `Obesidad`, `HTA`, `Diabetes`, `Gleason_sec_2`, `TNM_pieza`, `TR_preop`, `Edad`, `Max_afeccion`, `IVASC`, `Diam_max`, `N_biopsias`, `ILINF_pieza`, `Gleason_pieza_PRL`, `Familiar_CAP`, `Gleason_biopsia`, `Por_cil_pos`, `Por_cores_pos`, `Bilat`, `IPN_pieza`, `ILINF`, `IVASC_pieza`, `ISUP`, `Fecha_Biopsia`, `Tipo_histologico`, `Gleason_sec`, `Gleason_pri`, `Gleason_pri_2`, `Bilat_2`, `Localiz_en_pieza`, `Multifocalidad`, `Volumen_tumoral`, `Etnia`, `cTNM_biopsia`, `ISUP_RM`, `IPN`, `IVS`, `PINAG`, `MQP`, `Tabaco`, `T1_MTX`, `Tratamiento`, `Num_cil_neg`, `Num_cil_pos`, `Fecha_Nacimiento`) VALUES
(1, '2022-05-05', 1, 1, 0, 1, 2, 4, 3, 1, 20, 33, 2, 4, 1, 2, 2, 2, 3, 25, 10, 2, 1, 2, 2, 3, '2022-03-31', 1, 3, 4, 3, 1, 2, 1, 24, 2, 1, 2, 1, 2, 2, 1, 2, 39, 1, 15, 5, '2002-03-15'),
(2, '2022-03-02', 1, -1, 1, 2, 2, 5, 3, 1, 69, 75, 3, 0, 0, 2, 4, 2, 3, 0, 0, 2, 1, 3, 2, 0, '2013-11-20', 2, 4, 3, 4, -1, 1, 1, 25, 1, 3, 0, 1, 1, 1, 2, 2, 0, -1, 18, 2, '1950-02-10'),
(3, '2022-06-03', 2, -1, 0, 1, 2, 0, 2, 1, 70, 30, 3, 0, 0, 3, 2, -1, 2, 10, 0, 1, 1, 3, 3, 0, '2008-09-11', 1, 3, 7, 0, -1, 1, 1, 20, 1, 3, 0, 3, 2, 1, 2, 4, 59, -1, 18, 2, NULL),
(4, '0000-00-00', 2, 0, 2, 1, 2, 0, 2, 1, 68, 0, 3, 0, 0, 3, 4, 2, 3, 0, 0, 2, 1, 3, 3, 0, '2010-03-14', 1, 0, 0, 0, 1, 4, 1, 17, 1, 1, 0, 1, 2, 1, 2, 5, 0, 0, NULL, NULL, NULL),
(5, '2022-05-05', 2, -1, 1, 1, 2, 0, 2, 1, 70, 27, 3, 0, 0, 3, 2, 2, 2, 10, 0, 1, 3, 3, 3, 0, '2010-09-12', 1, 4, 3, 0, 1, 4, 1, 25, 1, 3, 0, 3, 2, 2, 1, 2, 0, -1, 18, 2, NULL),
(6, '2022-04-18', 2, 0, 0, 1, 2, 3, 2, 2, 63, 4, 3, 0, 0, 3, 3, 2, 2, 0, 0, 1, 1, 3, 3, 0, '2012-08-01', 1, 4, 3, 4, 1, 1, 1, 25, 1, 3, 0, 3, 2, 1, 1, 1, 0, 0, NULL, NULL, '1997-06-18'),
(7, '2017-07-06', 1, -1, 0, 2, 2, 3, 3, 2, 71, 5, 3, 0, 0, 3, 3, 2, 1, 20, 0, 2, 3, 3, 3, 0, '2009-04-23', 1, 0, 0, 4, 1, 1, 1, 22, 1, 3, 0, 3, 2, 2, 1, 1, 0, -1, 16, 4, '1994-06-08'),
(8, '2022-03-28', 1, 0, 0, 2, 2, 5, 3, 2, 74, 40, 3, 0, 0, 3, 4, 2, 3, 20, 0, 1, 1, 3, 3, 0, '2013-04-04', 1, 3, 4, 4, 1, 4, 1, 47, 1, 3, 0, 1, 1, 3, 1, 2, 0, 0, 16, 4, '1987-06-13'),
(9, '0000-00-00', 2, 0, 1, 1, 2, 0, 2, 1, 68, 25, 3, 0, 0, 3, 3, 2, 1, 0, 0, 2, 1, 3, 3, 0, '2010-07-14', 1, 0, 0, 0, 1, 1, 1, 75, 1, 1, 0, 3, 2, 2, 2, 1, 0, 0, NULL, NULL, NULL),
(10, '0000-00-00', 2, 0, 1, 2, 2, 0, 2, 1, 63, 10, 3, 0, 0, 3, 4, 2, 1, 0, 0, 2, 1, 3, 3, 0, '2009-06-17', 1, 0, 0, 0, 1, 4, 1, 7, 1, 1, 0, 3, 2, 2, 2, 1, 0, 0, NULL, NULL, NULL),
(11, '0000-00-00', 1, 0, 2, 1, 2, 0, 3, 1, 73, 80, 3, 0, 0, 3, 3, 2, 3, 0, 0, 1, 1, 3, 1, 0, '2014-07-29', 1, 0, 0, 0, 1, 1, 2, 65, 1, 2, 0, 1, 2, 1, 1, 4, 0, 0, NULL, NULL, NULL),
(12, '0000-00-00', 2, 0, 1, 1, 1, 0, 2, 2, 70, 13, 3, 0, 0, 3, 3, 2, 3, 0, 0, 1, 1, 3, 3, 0, '2010-06-24', 1, 0, 0, 0, 1, 1, 2, 5, 1, 2, 0, 1, 2, 3, 2, 4, 0, 0, NULL, NULL, NULL),
(13, '0000-00-00', 1, 0, 2, 2, 2, 0, 3, 1, 74, 5, 3, 0, 1, 3, 4, 2, 2, 0, 0, 2, 3, 3, 3, 0, '2011-05-18', 1, 0, 0, 0, 1, 1, 2, 30, 1, 1, 0, 3, 2, 1, 1, 2, 0, 0, NULL, NULL, NULL),
(14, '0000-00-00', 1, 0, 2, 2, 2, 0, 3, 1, 59, 10, 3, 0, 0, 3, 4, 2, 3, 0, 0, 2, 3, 3, 3, 0, '2011-04-04', 1, 0, 0, 0, 1, 1, 2, 7, 1, 1, 0, 3, 1, 2, 2, 2, 0, 0, NULL, NULL, NULL),
(15, '0000-00-00', 2, 0, 0, 1, 2, 0, 2, 2, 66, 10, 3, 0, 0, 2, 2, 2, 2, 0, 0, 2, 2, 3, 2, 0, '2009-09-21', 1, 0, 0, 0, 1, 1, 2, 25, 1, 1, 0, 3, 2, 2, 2, 0, 0, 0, NULL, NULL, NULL),
(16, '0000-00-00', 2, 0, 3, 2, 2, 0, 2, 3, 71, 4, 3, 0, 0, 3, 3, 2, 1, 0, 0, 2, 3, 3, 3, 0, '2012-12-03', 1, 0, 0, 0, 1, 4, 1, 17, 1, 1, 0, 3, 2, 2, 1, 2, 0, 0, NULL, NULL, NULL),
(17, '0000-00-00', 2, 0, 3, 2, 2, 0, 3, 1, 71, 40, 3, 0, 0, 3, 4, 2, 3, 0, 0, 1, 3, 3, 3, 0, '2013-12-03', 1, 0, 0, 0, 1, 1, 2, 20, 1, 2, 0, 3, 1, 3, 2, 4, 0, 0, NULL, NULL, NULL),
(18, '0000-00-00', 1, 0, 2, 1, 2, 0, 3, 2, 70, 0, 3, 0, 0, 3, 2, 2, 1, 0, 0, 2, 1, 3, 3, 0, '2009-04-01', 1, 0, 0, 0, 2, 1, 1, 10, 1, 1, 0, 3, 2, 3, 1, 1, 0, 0, NULL, NULL, NULL),
(19, '0000-00-00', 2, 0, 2, 2, 2, 0, 2, 1, 73, 13, 3, 0, 0, 2, 4, 2, 3, 0, 0, 1, 1, 3, 2, 0, '2009-05-25', 1, 0, 0, 0, 1, 1, 1, 7, 1, 2, 0, 3, 2, 3, 2, 2, 0, 0, NULL, NULL, NULL),
(20, '0000-00-00', 2, 0, 2, 1, 2, 0, 2, 1, 67, 0, 3, 0, 1, 1, 2, 2, 5, 0, 0, 2, 1, 3, 1, 0, '2014-09-09', 1, 0, 0, 0, 2, 1, 2, 10, 1, 1, 0, 3, 2, 1, 2, 1, 0, 0, NULL, NULL, NULL),
(21, '0000-00-00', 1, 0, 0, 2, 2, 0, 3, 1, 61, 70, 3, 0, 0, 3, 4, 2, 2, 0, 0, 2, 1, 3, 3, 0, '2009-08-04', 1, 0, 0, 0, 2, 1, 2, 20, 1, 2, 0, 3, 2, 3, 1, 3, 0, 0, NULL, NULL, NULL),
(22, '0000-00-00', 1, 0, 1, 2, 1, 0, 3, 1, 67, 7, 3, 0, 0, 3, 3, 2, 2, 0, 0, 2, 3, 3, 3, 0, '2011-11-21', 1, 0, 0, 0, 2, 1, 2, 35, 1, 1, 0, 3, 2, 3, 1, 1, 0, 0, NULL, NULL, NULL),
(23, '0000-00-00', 1, 0, 3, 2, 2, 0, 3, 1, 61, 7, 3, 0, 0, 3, 2, 2, 3, 0, 0, 1, 1, 3, 3, 0, '2012-04-02', 1, 0, 0, 0, 1, 1, 1, 3, 1, 2, 0, 3, 1, 1, 1, 2, 0, 0, NULL, NULL, NULL),
(24, '0000-00-00', 2, 0, 3, 1, 2, 0, 2, 1, 58, 3, 3, 0, 0, 3, 3, 2, 2, 0, 0, 1, 3, 3, 3, 0, '2013-09-11', 1, 0, 0, 0, 1, 1, 2, 17, 1, 2, 0, 3, 2, 3, 1, 3, 0, 0, NULL, NULL, NULL),
(25, '0000-00-00', 2, 0, 1, 2, 2, 0, 1, 1, 55, 20, 3, 0, 1, 3, 3, 2, 2, 0, 0, 2, 1, 3, 3, 0, '2015-09-15', 1, 0, 0, 0, 1, 1, 2, 10, 1, 1, 0, 3, 2, 3, 2, 2, 0, 0, NULL, NULL, NULL),
(26, '0000-00-00', 2, 0, 2, 2, 1, 0, 1, 1, 58, 40, 3, 0, 0, 3, 4, 2, 3, 0, 0, 2, 3, 3, 3, 0, '2011-02-27', 1, 0, 0, 0, 2, 1, 2, 8, 1, 1, 0, 1, 2, 3, 2, 1, 0, 0, NULL, NULL, NULL),
(27, '0000-00-00', 2, 0, 2, 2, 2, 0, 2, 1, 61, 10, 3, 0, 0, 3, 2, 2, 3, 0, 0, 2, 1, 3, 3, 0, '2010-09-20', 1, 0, 0, 0, 1, 1, 1, 6, 1, 1, 0, 3, 2, 1, 2, 2, 0, 0, NULL, NULL, NULL),
(28, '0000-00-00', 2, 0, 2, 2, 2, 0, 2, 2, 64, 0, 3, 0, 0, 3, 3, 2, 5, 0, 0, 2, 3, 3, 3, 0, '2013-10-16', 1, 0, 0, 0, 1, 1, 2, 7, 1, 1, 0, 3, 2, 3, 1, 2, 0, 0, NULL, NULL, NULL),
(29, NULL, NULL, NULL, NULL, NULL, NULL, NULL, NULL, NULL, NULL, NULL, NULL, NULL, NULL, NULL, NULL, NULL, NULL, NULL, NULL, NULL, NULL, NULL, NULL, NULL, NULL, NULL, NULL, NULL, NULL, NULL, NULL, NULL, NULL, NULL, NULL, NULL, NULL, NULL, NULL, NULL, NULL, NULL, NULL, NULL, NULL, NULL),
(30, '0000-00-00', 2, 0, 2, 2, 1, 0, 3, 1, 65, 40, 3, 0, 0, 3, 2, 2, 1, 0, 0, 2, 1, 3, 3, 0, '2009-06-15', 1, 0, 0, 0, 1, 1, 2, 15, 1, 1, 0, 3, 1, 3, 1, 2, 0, 0, NULL, NULL, NULL),
(31, '0000-00-00', 2, 0, 3, 2, 2, 0, 2, 1, 65, 4, 3, 0, 1, 1, 3, 2, 1, 0, 0, 2, 3, 3, 3, 0, '2012-01-23', 1, 0, 0, 0, 1, 3, 2, 85, 1, 1, 0, 3, 2, 3, 1, 1, 0, 0, NULL, NULL, NULL),
(32, '0000-00-00', 2, 0, 3, 1, 2, 0, 2, 2, 67, 15, 3, 0, 0, 3, 3, 2, 2, 0, 0, 1, 1, 3, 3, 0, '2012-10-01', 1, 0, 0, 0, 1, 1, 2, 20, 1, 2, 0, 2, 2, 1, 1, 1, 0, 0, NULL, NULL, NULL),
(33, '0000-00-00', 2, 0, 1, 2, 2, 0, 1, 1, 64, 0, 3, 0, 1, 3, 1, 2, 5, 0, 0, 2, 3, 3, 3, 0, '2013-04-16', 1, 0, 0, 0, 2, 1, 2, 5, 1, 3, 0, 3, 2, 1, 2, 3, 0, 0, NULL, NULL, NULL),
(34, '0000-00-00', 1, 0, 3, 2, 1, 0, 3, 2, 64, 0, 3, 0, 0, 3, 4, 2, 2, 0, 0, 2, 3, 3, 3, 0, '2013-05-08', 1, 0, 0, 0, 1, 1, 1, 15, 1, 1, 0, 3, 1, 1, 2, 1, 0, 0, NULL, NULL, NULL),
(35, '0000-00-00', 2, 0, 2, 2, 2, 0, 2, 1, 58, 15, 3, 0, 0, 2, 2, 2, 3, 0, 0, 1, 1, 3, 2, 0, '2011-04-26', 1, 0, 0, 0, 1, 1, 2, 30, 1, 2, 0, 3, 2, 1, 2, 1, 0, 0, NULL, NULL, NULL),
(36, '0000-00-00', 1, 0, 3, 2, 2, 0, 3, 1, 66, 10, 3, 0, 0, 3, 4, 2, 3, 0, 0, 1, 1, 3, 3, 0, '2011-08-31', 1, 0, 0, 0, 1, 1, 1, 10, 1, 2, 0, 3, 1, 1, 2, 2, 0, 0, NULL, NULL, NULL),
(37, '0000-00-00', 1, 0, 2, 2, 2, 0, 3, 1, 63, 50, 3, 0, 0, 3, 3, 2, 2, 0, 0, 2, 1, 3, 3, 0, '2009-04-15', 1, 0, 0, 0, 1, 1, 2, 15, 3, 1, 0, 3, 2, 3, 1, 1, 0, 0, NULL, NULL, NULL),
(38, '0000-00-00', 2, 0, 3, 1, 2, 0, 2, 3, 57, 8, 3, 0, 1, 3, 3, 2, 3, 0, 0, 1, 3, 3, 3, 0, '2013-08-28', 1, 0, 0, 0, 1, 1, 2, 15, 1, 1, 0, 1, 2, 3, 1, 2, 0, 0, NULL, NULL, NULL),
(39, '0000-00-00', 2, 0, 1, 2, 2, 0, 2, 1, 55, 6, 3, 0, 2, 3, 3, 2, 3, 0, 0, 1, 3, 3, 3, 0, '2011-11-28', 1, 0, 0, 0, 1, 1, 1, 8, 1, 1, 0, 3, 2, 1, 2, 1, 0, 0, NULL, NULL, NULL),
(40, '0000-00-00', 2, 0, 3, 1, 2, 0, 2, 1, 54, 30, 3, 0, 0, 3, 2, 2, 1, 0, 0, 1, 3, 3, 3, 0, '2014-05-21', 1, 0, 0, 0, 1, 1, 2, 20, 1, 2, 0, 2, 2, 3, 1, 5, 0, 0, NULL, NULL, NULL),
(41, '0000-00-00', 1, 0, 3, 1, 1, 0, 3, 3, 65, 80, 3, 0, 0, 3, 4, 2, 3, 0, 0, 1, 1, 3, 3, 0, '2011-09-27', 1, 0, 0, 0, 1, 1, 1, 60, 1, 1, 0, 1, 1, 1, 1, 4, 0, 0, NULL, NULL, NULL),
(42, '0000-00-00', 2, 0, 2, 2, 2, 0, 2, 1, 64, 60, 3, 0, 1, 3, 3, 2, 3, 0, 0, 2, 3, 3, 3, 0, '2013-05-06', 1, 0, 0, 0, 1, 1, 2, 17, 1, 1, 0, 1, 2, 1, 2, 2, 0, 0, NULL, NULL, NULL),
(43, '0000-00-00', 1, 0, 1, 2, 2, 0, 3, 1, 69, 5, 3, 0, 0, 2, 3, 2, 2, 0, 0, 2, 3, 3, 2, 0, '2015-05-05', 1, 0, 0, 0, 1, 4, 1, 65, 1, 1, 0, 3, 2, 3, 1, 2, 0, 0, NULL, NULL, NULL),
(44, '0000-00-00', 2, 0, 3, 1, 2, 0, 2, 1, 73, 10, 3, 0, 1, 2, 2, 2, 1, 0, 0, 2, 1, 3, 2, 0, '2010-02-01', 1, 0, 0, 0, 1, 1, 2, 13, 1, 1, 0, 3, 2, 1, 2, 1, 0, 0, NULL, NULL, NULL),
(45, '0000-00-00', 2, 0, 2, 1, 1, 0, 2, 1, 70, 5, 3, 0, 1, 3, 1, 2, 1, 0, 0, 2, 3, 3, 3, 0, '2011-12-19', 1, 0, 0, 0, 1, 1, 2, 6, 1, 1, 0, 3, 2, 3, 2, 1, 0, 0, NULL, NULL, NULL),
(46, '0000-00-00', 2, 0, 2, 1, 2, 0, 2, 2, 67, 25, 3, 0, 0, 3, 3, 2, 1, 0, 0, 2, 3, 3, 3, 0, '2013-09-18', 1, 0, 0, 0, 1, 1, 2, 13, 1, 1, 0, 1, 2, 1, 2, 1, 0, 0, NULL, NULL, NULL),
(47, '0000-00-00', 2, 0, 2, 1, 2, 0, 1, 2, 73, 5, 3, 0, 0, 3, 2, 2, 1, 0, 0, 2, 3, 3, 3, 0, '2013-09-24', 1, 0, 0, 0, 2, 4, 1, 15, 1, 1, 0, 3, 2, 1, 2, 1, 0, 0, NULL, NULL, NULL),
(48, '0000-00-00', 2, 0, 2, 1, 1, 0, 1, 1, 69, 0, 3, 0, 0, 4, 1, 2, 5, 0, 0, 2, 3, 3, 4, 0, '2012-09-21', 1, 0, 0, 0, 2, 1, 2, 3, 1, 1, 0, 3, 2, 1, 2, 1, 0, 0, NULL, NULL, NULL),
(49, '0000-00-00', 2, 0, 2, 2, 2, 0, 2, 2, 47, 0, 3, 0, 0, 2, 3, 1, 5, 0, 0, 2, 2, 3, 2, 0, '2013-07-11', 1, 0, 0, 0, 1, 1, 2, 27, 1, 3, 0, 3, 2, 3, 2, 4, 0, 0, NULL, NULL, NULL),
(50, '0000-00-00', 1, 0, 2, 1, 2, 0, 3, 1, 68, 8, 3, 0, 0, 3, 2, 2, 2, 0, 0, 2, 3, 3, 3, 0, '2013-07-08', 1, 0, 0, 0, 1, 1, 2, 6, 1, 1, 0, 3, 2, 1, 2, 1, 0, 0, NULL, NULL, NULL),
(51, '0000-00-00', 2, 0, 2, 1, 2, 0, 1, 1, 62, 5, 3, 0, 1, 3, 1, 2, 2, 0, 0, 2, 3, 3, 3, 0, '2010-06-17', 1, 0, 0, 0, 1, 1, 2, 5, 1, 1, 0, 3, 2, 3, 2, 1, 0, 0, NULL, NULL, NULL),
(52, '0000-00-00', 1, 0, 2, 2, 2, 0, 3, 2, 70, 41, 3, 0, 0, 1, 4, 2, 4, 0, 0, 1, 3, 3, 3, 0, '2015-06-22', 1, 0, 0, 0, 1, 1, 2, 20, 1, 2, 0, 3, 2, 3, 2, 4, 0, 0, NULL, NULL, NULL),
(53, '0000-00-00', 1, 0, 1, 2, 2, 0, 3, 1, 54, 7, 3, 0, 0, 3, 3, 1, 1, 0, 0, 2, 1, 3, 3, 0, '2014-02-25', 1, 0, 0, 0, 1, 1, 2, 20, 1, 2, 0, 3, 1, 3, 1, 1, 0, 0, NULL, NULL, NULL),
(54, '0000-00-00', 2, 0, 2, 1, 2, 0, 2, 1, 56, 10, 3, 0, 0, 3, 3, 1, 2, 0, 0, 1, 1, 3, 3, 0, '2011-09-02', 1, 0, 0, 0, 1, 1, 1, 18, 1, 2, 0, 3, 2, 1, 2, 3, 0, 0, NULL, NULL, NULL),
(55, '0000-00-00', 2, 0, 3, 1, 2, 0, 2, 1, 62, 3, 3, 0, 1, 3, 3, 2, 1, 0, 0, 2, 3, 3, 3, 0, '2015-06-29', 1, 0, 0, 0, 1, 1, 2, 6, 1, 1, 0, 3, 2, 3, 2, 1, 0, 0, NULL, NULL, NULL),
(56, '0000-00-00', 2, 0, 2, 2, 2, 0, 1, 1, 59, 50, 3, 0, 0, 3, 4, 2, 4, 0, 0, 2, 2, 3, 3, 0, '2014-01-15', 1, 0, 0, 0, 2, 1, 2, 15, 1, 1, 0, 1, 2, 3, 2, 1, 0, 0, NULL, NULL, NULL),
(57, '0000-00-00', 2, 0, 1, 2, 2, 0, 2, 1, 46, 3, 3, 0, 1, 3, 1, 1, 1, 0, 0, 2, 3, 3, 3, 0, '2015-01-02', 1, 0, 0, 0, 1, 1, 2, 6, 1, 1, 0, 3, 2, 1, 2, 1, 0, 0, NULL, NULL, NULL),
(58, '0000-00-00', 2, 0, 2, 2, 2, 0, 2, 1, 67, 6, 3, 0, 0, 3, 2, 2, 2, 0, 0, 1, 3, 3, 3, 0, '2012-05-08', 1, 0, 0, 0, 1, 1, 2, 12, 1, 1, 0, 3, 2, 3, 2, 1, 0, 0, NULL, NULL, NULL),
(59, '0000-00-00', 2, 0, 3, 1, 2, 0, 2, 1, 49, 10, 3, 0, 0, 3, 1, 2, 1, 0, 0, 1, 3, 3, 3, 0, '2014-10-02', 1, 0, 0, 0, 1, 1, 1, 5, 1, 2, 0, 3, 2, 3, 2, 2, 0, 0, NULL, NULL, NULL),
(60, '0000-00-00', 2, 0, 2, 2, 2, 0, 1, 1, 52, 5, 3, 0, 0, 3, 2, 1, 2, 0, 0, 2, 1, 3, 3, 0, '2011-12-19', 1, 0, 0, 0, 2, 1, 2, 15, 1, 1, 0, 3, 2, 3, 2, 5, 0, 0, NULL, NULL, NULL),
(61, '0000-00-00', 2, 0, 2, 2, 2, 0, 2, 1, 54, 5, 3, 0, 0, 3, 2, 2, 1, 0, 0, 2, 3, 3, 3, 0, '2014-12-30', 1, 0, 0, 0, 1, 1, 2, 9, 1, 1, 0, 3, 2, 1, 2, 2, 0, 0, NULL, NULL, NULL),
(62, '0000-00-00', 2, 0, 2, 2, 2, 0, 1, 1, 53, 40, 3, 0, 0, 3, 2, 2, 3, 0, 0, 2, 3, 3, 3, 0, '2015-06-09', 1, 0, 0, 0, 2, 1, 2, 20, 2, 2, 0, 3, 2, 1, 2, 1, 0, 0, NULL, NULL, NULL),
(63, '0000-00-00', 2, 0, 3, 1, 1, 0, 2, 1, 63, 10, 3, 0, 0, 3, 3, 2, 2, 0, 0, 2, 1, 3, 3, 0, '2011-02-14', 1, 0, 0, 0, 1, 1, 1, 17, 1, 1, 0, 3, 2, 1, 2, 4, 0, 0, NULL, NULL, NULL),
(64, '0000-00-00', 2, 0, 2, 1, 1, 0, 2, 1, 66, 15, 3, 0, 0, 2, 3, 1, 1, 0, 0, 1, 1, 3, 2, 0, '2015-09-02', 1, 0, 0, 0, 1, 1, 2, 10, 1, 1, 0, 3, 2, 3, 2, 2, 0, 0, NULL, NULL, NULL),
(65, '0000-00-00', 2, 0, 3, 1, 2, 0, 2, 2, 65, 13, 3, 0, 0, 3, 2, 2, 1, 0, 0, 1, 3, 3, 3, 0, '2014-01-28', 1, 0, 0, 0, 1, 1, 2, 15, 1, 2, 0, 3, 2, 3, 2, 1, 0, 0, NULL, NULL, NULL),
(66, '0000-00-00', 2, 0, 2, 1, 2, 0, 2, 1, 65, 50, 3, 0, 0, 3, 2, 2, 1, 0, 0, 2, 1, 3, 3, 0, '2014-01-07', 1, 0, 0, 0, 1, 1, 2, 35, 1, 1, 0, 3, 2, 1, 2, 1, 0, 0, NULL, NULL, NULL),
(67, '0000-00-00', 2, 0, 3, 1, 2, 0, 2, 1, 52, 35, 3, 0, 0, 2, 2, 2, 3, 0, 0, 1, 3, 3, 3, 0, '2013-07-15', 1, 0, 0, 0, 1, 1, 2, 35, 1, 2, 0, 1, 2, 3, 2, 1, 0, 0, NULL, NULL, NULL),
(68, '0000-00-00', 2, 0, 2, 2, 2, 0, 1, 1, 64, 7, 3, 0, 1, 3, 2, 2, 1, 0, 0, 1, 1, 3, 2, 0, '2015-04-08', 1, 0, 0, 0, 1, 1, 2, 10, 1, 2, 0, 3, 2, 3, 2, 2, 0, 0, NULL, NULL, NULL),
(69, '0000-00-00', 2, 0, 2, 2, 2, 0, 1, 2, 47, 40, 2, 0, 0, 3, 4, 1, 2, 0, 0, 2, 1, 2, 3, 0, '2011-01-31', 1, 0, 0, 0, 2, 1, 2, 10, 1, 1, 0, 2, 2, 1, 2, 1, 0, 0, NULL, NULL, NULL),
(70, '0000-00-00', 2, 0, 2, 1, 2, 0, 2, 1, 66, 24, 3, 0, 0, 2, 3, 2, 4, 0, 0, 1, 3, 3, 3, 0, '2014-06-18', 1, 0, 0, 0, 1, 1, 2, 23, 1, 2, 0, 3, 2, 3, 2, 1, 0, 0, NULL, NULL, NULL),
(71, '0000-00-00', 2, 0, 2, 1, 2, 0, 2, 1, 68, 5, 3, 0, 0, 3, 2, 1, 2, 0, 0, 2, 3, 3, 3, 0, '2014-07-01', 1, 0, 0, 0, 1, 1, 2, 12, 2, 1, 0, 3, 2, 1, 2, 1, 0, 0, NULL, NULL, NULL),
(72, '0000-00-00', 2, 0, 0, 2, 2, 0, 2, 1, 60, 5, 3, 0, 0, 2, 1, 1, 1, 0, 0, 1, 2, 3, 2, 0, '2008-07-22', 1, 0, 0, 0, 1, 1, 2, 5, 1, 2, 0, 3, 2, 3, 2, 4, 0, 0, NULL, NULL, NULL),
(73, '0000-00-00', 2, 0, 3, 2, 2, 0, 2, 1, 51, 10, 3, 0, 1, 3, 3, 2, 2, 0, 0, 2, 1, 3, 3, 0, '2015-04-10', 1, 0, 0, 0, 1, 1, 1, 15, 1, 1, 0, 3, 2, 3, 2, 1, 0, 0, NULL, NULL, NULL),
(74, '0000-00-00', 2, 0, 3, 2, 1, 0, 2, 1, 65, 30, 3, 0, 0, 2, 2, 1, 2, 0, 0, 1, 3, 3, 3, 0, '2015-05-08', 1, 0, 0, 0, 1, 4, 2, 80, 1, 2, 0, 3, 2, 3, 2, 1, 0, 0, NULL, NULL, NULL),
(75, '0000-00-00', 2, 0, 2, 2, 2, 0, 2, 1, 63, 5, 3, 0, 0, 2, 2, 2, 2, 0, 0, 2, 1, 3, 2, 0, '2012-09-11', 1, 0, 0, 0, 1, 1, 2, 12, 1, 1, 0, 3, 2, 1, 2, 1, 0, 0, NULL, NULL, NULL),
(76, '0000-00-00', 2, 0, 2, 2, 1, 0, 2, 1, 66, 20, 3, 0, 0, 3, 3, 2, 2, 0, 0, 1, 3, 3, 3, 0, '2014-10-14', 1, 0, 0, 0, 2, 1, 2, 15, 1, 1, 0, 3, 2, 3, 2, 3, 0, 0, NULL, NULL, NULL),
(77, '0000-00-00', 2, 0, 2, 1, 2, 0, 1, 1, 60, 10, 3, 0, 0, 3, 1, 2, 1, 0, 0, 2, 1, 3, 3, 0, '2009-10-13', 1, 0, 0, 0, 2, 1, 2, 5, 1, 1, 0, 3, 2, 3, 1, 1, 0, 0, NULL, NULL, NULL),
(78, '0000-00-00', 2, 0, 2, 1, 2, 0, 2, 1, 52, 7, 3, 0, 0, 2, 2, 2, 2, 0, 0, 7, 2, 3, 2, 0, '2014-01-09', 2, 0, 0, 0, 1, 1, 2, 12, 1, 1, 0, 3, 2, 1, 2, 5, 0, 0, NULL, NULL, NULL),
(79, '0000-00-00', 2, 0, 3, 1, 2, 0, 1, 2, 60, 10, 3, 0, 0, 3, 2, 2, 5, 0, 0, 2, 3, 3, 3, 0, '2013-05-19', 1, 0, 0, 0, 2, 4, 2, 50, 1, 1, 0, 3, 2, 1, 2, 2, 0, 0, NULL, NULL, NULL),
(80, '0000-00-00', 2, 0, 1, 2, 2, 0, 2, 1, 55, 4, 3, 0, 1, 3, 1, 1, 1, 0, 0, 1, 3, 3, 3, 0, '2014-10-28', 1, 0, 0, 0, 1, 1, 2, 12, 1, 2, 0, 3, 2, 3, 2, 4, 0, 0, NULL, NULL, NULL),
(81, '0000-00-00', 2, 0, 3, 2, 2, 0, 2, 1, 53, 5, 3, 0, 0, 3, 2, 2, 1, 0, 0, 2, 3, 3, 3, 0, '2015-09-17', 1, 0, 0, 0, 1, 1, 2, 15, 1, 1, 0, 3, 2, 3, 2, 1, 0, 0, NULL, NULL, NULL),
(82, '0000-00-00', 2, 0, 3, 1, 2, 0, 5, 1, 50, 0, 3, 0, 0, 2, 5, 1, 5, 0, 0, 2, 2, 3, 2, 0, '2015-07-06', 1, 0, 0, 0, 2, 1, 2, 10, 1, 2, 0, 3, 2, 1, 2, 2, 0, 0, NULL, NULL, NULL),
(83, '0000-00-00', 2, 0, 1, 2, 2, 0, 1, 1, 64, 50, 3, 0, 0, 3, 3, 2, 3, 0, 0, 2, 1, 3, 3, 0, '2011-09-01', 1, 0, 0, 0, 2, 1, 1, 20, 1, 1, 0, 3, 2, 1, 2, 3, 0, 0, NULL, NULL, NULL),
(84, '0000-00-00', 2, 0, 2, 2, 2, 0, 2, 1, 61, 13, 3, 0, 0, 3, 3, 1, 2, 0, 0, 1, 1, 3, 3, 0, '2011-03-08', 1, 0, 0, 0, 1, 1, 1, 10, 1, 2, 0, 1, 2, 3, 2, 2, 0, 0, NULL, NULL, NULL),
(85, '0000-00-00', 2, 0, 2, 2, 1, 0, 2, 1, 57, 30, 3, 0, 0, 3, 2, 2, 1, 0, 0, 2, 3, 3, 3, 0, '2014-10-13', 1, 0, 0, 0, 1, 1, 1, 15, 1, 1, 0, 3, 2, 3, 2, 5, 0, 0, NULL, NULL, NULL),
(86, '0000-00-00', 2, 0, 2, 2, 2, 0, 2, 1, 74, 5, 3, 0, 0, 3, 2, 2, 2, 0, 0, 1, 3, 3, 3, 0, '2010-10-25', 1, 0, 0, 0, 1, 4, 1, 9, 1, 2, 0, 3, 2, 1, 2, 2, 0, 0, NULL, NULL, NULL),
(87, '0000-00-00', 2, 0, 3, 2, 1, 0, 1, 1, 67, 5, 3, 0, 0, 3, 1, 2, 1, 0, 0, 2, 2, 3, 3, 0, '2010-05-03', 1, 0, 0, 0, 2, 1, 1, 7, 3, 1, 0, 3, 2, 1, 3, 2, 0, 0, NULL, NULL, NULL),
(88, '0000-00-00', 2, 0, 1, 2, 2, 0, 2, 1, 68, 15, 3, 0, 1, 3, 3, 2, 3, 0, 0, 1, 1, 3, 3, 0, '2009-08-10', 1, 0, 0, 0, 1, 1, 2, 20, 1, 2, 0, 3, 2, 3, 2, 5, 0, 0, NULL, NULL, NULL),
(89, '0000-00-00', 2, 0, 3, 1, 1, 0, 2, 1, 63, 6, 3, 0, 0, 3, 3, 2, 3, 0, 0, 1, 1, 3, 3, 0, '2011-01-24', 1, 0, 0, 0, 2, 1, 2, 8, 1, 2, 0, 1, 2, 1, 2, 1, 0, 0, NULL, NULL, NULL),
(90, '0000-00-00', 2, 0, 2, 1, 2, 0, 2, 1, 71, 0, 3, 0, 0, 3, 4, 2, 5, 0, 0, 2, 1, 3, 3, 0, '2013-03-06', 1, 0, 0, 0, 2, 1, 2, 25, 1, 2, 0, 3, 2, 1, 2, 2, 0, 0, NULL, NULL, NULL),
(91, '0000-00-00', 1, 0, 1, 1, 2, 0, 3, 3, 78, 50, 3, 0, 0, 3, 3, 2, 2, 0, 0, 2, 3, 3, 3, 0, '2014-11-17', 1, 0, 0, 0, 2, 1, 2, 17, 1, 2, 0, 1, 2, 3, 2, 2, 0, 0, NULL, NULL, NULL),
(92, '0000-00-00', 2, 0, 2, 1, 2, 0, 2, 2, 71, 3, 3, 0, 0, 2, 3, 2, 3, 0, 0, 1, 2, 3, 2, 0, '2009-11-02', 1, 0, 0, 0, 1, 1, 1, 10, 1, 2, 0, 3, 2, 1, 2, 1, 0, 0, NULL, NULL, NULL),
(93, '0000-00-00', 2, 0, 1, 2, 2, 0, 2, 1, 60, 0, 3, 0, 0, 3, 3, 2, 5, 0, 0, 1, 3, 3, 3, 0, '2014-05-07', 1, 0, 0, 0, 2, 1, 2, 50, 1, 2, 0, 3, 2, 1, 1, 4, 0, 0, NULL, NULL, NULL),
(94, '0000-00-00', 2, 0, 2, 2, 1, 0, 2, 2, 71, 5, 3, 0, 0, 3, 2, 2, 1, 0, 0, 2, 1, 3, 3, 0, '2010-06-08', 1, 0, 0, 0, 1, 1, 2, 4, 1, 1, 0, 3, 2, 1, 2, 1, 0, 0, NULL, NULL, NULL),
(95, '0000-00-00', 2, 0, 2, 2, 2, 0, 2, 1, 66, 60, 3, 0, 0, 3, 4, 2, 1, 0, 0, 2, 1, 3, 3, 0, '2008-10-16', 1, 0, 0, 0, 1, 1, 1, 27, 1, 1, 0, 3, 2, 1, 2, 2, 0, 0, NULL, NULL, NULL),
(96, '0000-00-00', 2, 0, 2, 1, 2, 0, 2, 2, 55, 0, 3, 0, 0, 3, 1, 2, 5, 0, 0, 2, 2, 3, 3, 0, '2010-05-17', 1, 0, 0, 0, 2, 4, 1, 5, 1, 2, 0, 3, 2, 1, 2, 5, 0, 0, NULL, NULL, NULL),
(97, '0000-00-00', 2, 0, 2, 1, 2, 0, 2, 2, 67, 6, 3, 0, 1, 3, 2, 1, 2, 0, 0, 1, 3, 3, 3, 0, '2012-08-08', 1, 0, 0, 0, 1, 4, 1, 5, 1, 1, 0, 3, 2, 3, 2, 2, 0, 0, NULL, NULL, NULL),
(98, '0000-00-00', 2, 0, 2, 1, 2, 0, 2, 1, 68, 5, 3, 0, 0, 3, 1, 2, 1, 0, 0, 2, 3, 3, 3, 0, '2009-07-09', 1, 0, 0, 0, 1, 1, 2, 5, 1, 1, 0, 3, 2, 1, 2, 5, 0, 0, NULL, NULL, NULL),
(99, '0000-00-00', 2, 0, 1, 2, 2, 0, 1, 1, 62, 0, 3, 0, 0, 3, 1, 1, 1, 0, 0, 2, 3, 3, 3, 0, '2012-10-04', 1, 0, 0, 0, 2, 1, 2, 3, 1, 1, 0, 3, 2, 1, 2, 3, 0, 0, NULL, NULL, NULL),
(100, '0000-00-00', 1, 0, 1, 1, 1, 0, 3, 1, 64, 0, 3, 0, 0, 3, 4, 2, 1, 0, 0, 2, 1, 3, 3, 0, '2009-06-01', 1, 0, 0, 0, 2, 1, 1, 20, 1, 1, 0, 3, 2, 3, 1, 2, 0, 0, NULL, NULL, NULL),
(101, '0000-00-00', 2, 0, 2, 2, 1, 0, 1, 1, 70, 5, 3, 0, 0, 3, 2, 2, 2, 0, 0, 2, 1, 3, 3, 0, '2011-07-04', 1, 0, 0, 0, 2, 1, 2, 3, 1, 1, 0, 3, 2, 1, 2, 2, 0, 0, NULL, NULL, NULL),
(102, '0000-00-00', 2, 0, 2, 1, 2, 0, 2, 1, 70, 0, 3, 0, 0, 3, 4, 2, 4, 0, 0, 2, 1, 3, 3, 0, '2009-11-12', 1, 0, 0, 0, 1, 1, 2, 11, 1, 1, 0, 3, 2, 3, 2, 2, 0, 0, NULL, NULL, NULL),
(103, '0000-00-00', 2, 0, 2, 2, 2, 0, 5, 2, 73, 3, 3, 0, 0, 3, 1, 2, 1, 0, 0, 2, 3, 3, 3, 0, '2012-05-10', 1, 0, 0, 0, 1, 1, 2, 7, 1, 1, 0, 3, 2, 3, 1, 2, 0, 0, NULL, NULL, NULL),
(104, '0000-00-00', 2, 0, 1, 1, 2, 0, 5, 1, 67, 10, 3, 0, 0, 3, 2, 2, 1, 0, 0, 1, 1, 3, 3, 0, '2012-05-22', 1, 0, 0, 0, 1, 4, 1, 15, 1, 2, 0, 3, 2, 1, 1, 2, 0, 0, NULL, NULL, NULL),
(105, '0000-00-00', 2, 0, 1, 1, 2, 0, 2, 2, 73, 3, 3, 0, 0, 3, 2, 2, 2, 0, 0, 1, 1, 3, 3, 0, '2014-08-04', 1, 0, 0, 0, 1, 1, 2, 4, 1, 2, 0, 3, 2, 3, 2, 2, 0, 0, NULL, NULL, NULL),
(106, '0000-00-00', 1, 0, 0, 1, 2, 0, 3, 2, 75, 0, 3, 0, 0, 3, 2, 2, 1, 0, 0, 2, 1, 3, 3, 0, '2015-04-06', 1, 0, 0, 0, 2, 1, 2, 10, 1, 1, 0, 3, 2, 3, 2, 2, 0, 0, NULL, NULL, NULL),
(107, '0000-00-00', 2, 0, 2, 2, 2, 0, 1, 2, 65, 10, 3, 0, 0, 3, 1, 2, 1, 0, 0, 2, 1, 3, 3, 0, '2010-08-03', 1, 0, 0, 0, 2, 1, 2, 30, 1, 1, 0, 3, 2, 1, 2, 2, 0, 0, NULL, NULL, NULL),
(108, '0000-00-00', 2, 0, 0, 1, 2, 0, 2, 1, 73, 3, 3, 0, 0, 3, 2, 2, 1, 0, 0, 2, 3, 3, 3, 0, '2012-04-23', 1, 0, 0, 0, 1, 1, 2, 6, 1, 1, 0, 3, 2, 1, 2, 0, 0, 0, NULL, NULL, NULL),
(109, '0000-00-00', 2, 0, 0, 2, 2, 0, 1, 1, 70, 10, 3, 0, 0, 3, 2, 2, 2, 0, 0, 2, 1, 3, 3, 0, '2012-03-12', 1, 0, 0, 0, 1, 1, 2, 5, 1, 1, 0, 3, 2, 3, 2, 1, 0, 0, NULL, NULL, NULL),
(110, '0000-00-00', 2, 0, 1, 2, 2, 0, 1, 2, 65, 0, 3, 0, 0, 3, 1, 2, 5, 0, 0, 2, 3, 3, 3, 0, '2011-12-14', 1, 0, 0, 0, 2, 1, 2, 15, 1, 2, 0, 3, 2, 1, 2, 3, 0, 0, NULL, NULL, NULL),
(111, '0000-00-00', 1, 0, 2, 1, 2, 0, 3, 2, 72, 5, 3, 0, 0, 3, 4, 2, 2, 0, 0, 2, 1, 3, 3, 0, '2011-09-19', 1, 0, 0, 0, 2, 1, 2, 10, 1, 1, 0, 1, 2, 3, 2, 2, 0, 0, NULL, NULL, NULL),
(112, '0000-00-00', 1, 0, 2, 1, 2, 0, 3, 1, 76, 3, 3, 0, 0, 3, 3, 2, 1, 0, 0, 2, 3, 3, 3, 0, '2015-03-25', 1, 0, 0, 0, 2, 4, 1, 50, 1, 1, 0, 3, 2, 1, 2, 2, 0, 0, NULL, NULL, NULL),
(113, '0000-00-00', 1, 0, 1, 2, 2, 0, 2, 1, 73, 10, 3, 0, 1, 3, 3, 2, 1, 0, 0, 2, 3, 3, 3, 0, '2013-10-24', 1, 0, 0, 0, 1, 1, 2, 6, 1, 1, 0, 3, 1, 3, 1, 1, 0, 0, NULL, NULL, NULL),
(114, '0000-00-00', 2, 0, 3, 2, 2, 0, 2, 1, 68, 7, 3, 0, 0, 3, 2, 2, 3, 0, 0, 2, 1, 3, 3, 0, '2011-11-24', 1, 0, 0, 0, 1, 1, 1, 7, 1, 1, 0, 1, 2, 1, 2, 2, 0, 0, NULL, NULL, NULL),
(115, '0000-00-00', 2, 0, 1, 2, 2, 0, 2, 1, 68, 0, 3, 0, 9, 3, 3, 2, 5, 0, 0, 2, 3, 3, 3, 0, '2015-02-26', 1, 0, 0, 0, 1, 1, 2, 7, 1, 2, 0, 3, 2, 3, 2, 5, 0, 0, NULL, NULL, NULL),
(116, '0000-00-00', 2, 0, 1, 1, 1, 0, 1, 1, 67, 0, 3, 0, 1, 3, 2, 2, 5, 0, 0, 0, 1, 3, 3, 0, '2010-12-09', 1, 0, 0, 0, 2, 1, 2, 5, 1, 2, 0, 3, 2, 1, 2, 1, 0, 0, NULL, NULL, NULL),
(117, '0000-00-00', 2, 0, 2, 2, 2, 0, 2, 2, 72, 0, 3, 0, 0, 2, 3, 2, 3, 0, 0, 2, 1, 3, 3, 0, '2008-09-02', 1, 0, 0, 0, 1, 1, 2, 5, 1, 2, 0, 3, 2, 1, 2, 2, 0, 0, NULL, NULL, NULL),
(118, '0000-00-00', 2, 0, 3, 1, 2, 0, 1, 1, 66, 15, 3, 0, 0, 3, 4, 2, 3, 0, 0, 2, 1, 3, 3, 0, '2011-02-21', 1, 0, 0, 0, 2, 1, 2, 20, 1, 1, 0, 3, 2, 1, 2, 1, 0, 0, NULL, NULL, NULL),
(119, '0000-00-00', 2, 0, 2, 2, 1, 0, 2, 2, 68, 5, 3, 0, 0, 3, 4, 2, 1, 0, 0, 2, 1, 3, 3, 0, '2009-10-14', 1, 0, 0, 0, 1, 4, 1, 6, 1, 1, 0, 3, 2, 1, 2, 1, 0, 0, NULL, NULL, NULL),
(120, '0000-00-00', 1, 0, 1, 2, 2, 0, 3, 1, 65, 0, 3, 0, 0, 3, 4, 1, 1, 0, 0, 2, 1, 3, 3, 0, '2008-10-28', 1, 0, 0, 0, 1, 4, 1, 20, 1, 1, 0, 3, 2, 3, 1, 1, 0, 0, NULL, NULL, NULL),
(121, '0000-00-00', 2, 0, 3, 1, 2, 0, 2, 1, 67, 5, 3, 0, 0, 1, 3, 2, 1, 0, 0, 2, 1, 3, 3, 0, '2009-02-02', 1, 0, 0, 0, 1, 1, 2, 13, 1, 1, 0, 3, 2, 1, 2, 1, 0, 0, NULL, NULL, NULL),
(122, '0000-00-00', 2, 0, 1, 2, 2, 0, 2, 1, 66, 5, 3, 0, 1, 3, 2, 2, 2, 0, 0, 1, 3, 3, 3, 0, '2011-07-11', 1, 0, 0, 0, 1, 1, 2, 5, 1, 2, 0, 3, 2, 3, 2, 1, 0, 0, NULL, NULL, NULL),
(123, '0000-00-00', 2, 0, 2, 1, 2, 0, 2, 3, 74, 5, 3, 0, 0, 3, 2, 2, 1, 0, 0, 1, 3, 3, 3, 0, '2013-09-03', 1, 0, 0, 0, 1, 1, 2, 10, 1, 2, 0, 3, 2, 3, 2, 1, 0, 0, NULL, NULL, NULL),
(124, '0000-00-00', 2, 0, 2, 2, 2, 0, 2, 1, 67, 4, 3, 0, 1, 3, 2, 2, 2, 0, 0, 1, 3, 3, 3, 0, '2013-02-03', 1, 0, 0, 0, 1, 1, 2, 5, 1, 2, 0, 3, 2, 3, 2, 1, 0, 0, NULL, NULL, NULL),
(125, '0000-00-00', 1, 0, 2, 1, 2, 0, 3, 2, 51, 40, 2, 0, 0, 1, 2, 1, 2, 0, 0, 1, 1, 2, 3, 0, '2015-09-04', 1, 0, 0, 0, 1, 1, 2, 60, 1, 2, 0, 1, 1, 3, 2, 4, 0, 0, NULL, NULL, NULL),
(126, '0000-00-00', 2, 0, 3, 2, 2, 0, 1, 1, 62, 5, 3, 0, 0, 3, 1, 2, 1, 0, 0, 2, 2, 3, 3, 0, '2009-01-27', 1, 0, 0, 0, 2, 4, 1, 10, 1, 1, 0, 3, 2, 1, 2, 1, 0, 0, NULL, NULL, NULL),
(127, '0000-00-00', 2, 0, 3, 2, 2, 0, 5, 1, 61, 5, 3, 0, 0, 3, 3, 2, 2, 0, 0, 1, 3, 3, 3, 0, '2012-01-18', 1, 0, 0, 0, 1, 1, 1, 14, 1, 2, 0, 3, 2, 1, 1, 2, 0, 0, NULL, NULL, NULL),
(128, '0000-00-00', 2, 0, 3, 1, 2, 0, 2, 1, 64, 5, 3, 0, 0, 3, 2, 2, 5, 0, 0, 2, 1, 3, 3, 0, '2009-07-28', 1, 0, 0, 0, 1, 1, 1, 8, 1, 2, 0, 3, 2, 1, 2, 1, 0, 0, NULL, NULL, NULL),
(129, '0000-00-00', 2, 0, 3, 2, 2, 0, 1, 1, 61, 5, 3, 0, 2, 3, 1, 2, 2, 0, 0, 2, 1, 3, 3, 0, '2011-10-06', 1, 0, 0, 0, 2, 1, 2, 5, 1, 1, 0, 3, 2, 1, 2, 4, 0, 0, NULL, NULL, NULL),
(130, '0000-00-00', 2, 0, 2, 2, 2, 0, 1, 2, 59, 5, 3, 0, 0, 3, 3, 2, 2, 0, 0, 2, 1, 3, 3, 0, '2010-03-11', 1, 0, 0, 0, 2, 1, 2, 10, 1, 1, 0, 3, 2, 1, 2, 2, 0, 0, NULL, NULL, NULL),
(131, '0000-00-00', 2, 0, 1, 1, 1, 0, 1, 1, 60, 60, 3, 0, 0, 3, 3, 2, 1, 0, 0, 2, 3, 3, 3, 0, '2014-05-09', 0, 0, 0, 0, 2, 1, 2, 20, 1, 1, 0, 1, 2, 3, 2, 2, 0, 0, NULL, NULL, NULL),
(132, '0000-00-00', 2, 0, 2, 2, 2, 0, 2, 1, 51, 5, 3, 0, 0, 3, 2, 2, 1, 0, 0, 1, 3, 3, 3, 0, '2011-12-28', 1, 0, 0, 0, 1, 1, 1, 6, 1, 2, 0, 3, 2, 3, 2, 2, 0, 0, NULL, NULL, NULL),
(133, '0000-00-00', 2, 0, 2, 1, 2, 0, 2, 1, 64, 3, 3, 0, 0, 3, 3, 2, 1, 0, 0, 1, 3, 3, 3, 0, '2012-08-05', 1, 0, 0, 0, 1, 1, 2, 20, 1, 2, 0, 3, 2, 3, 2, 4, 0, 0, NULL, NULL, NULL),
(134, '0000-00-00', 2, 0, 2, 2, 2, 0, 2, 1, 59, 0, 3, 0, 0, 3, 1, 2, 1, 0, 0, 2, 3, 3, 3, 0, '2009-11-30', 1, 0, 0, 0, 1, 1, 2, 7, 1, 1, 0, 3, 2, 3, 2, 2, 0, 0, NULL, NULL, NULL),
(135, '0000-00-00', 2, 0, 2, 1, 2, 0, 5, 1, 52, 60, 3, 0, 0, 2, 3, 2, 3, 0, 0, 2, 1, 3, 3, 0, '2013-09-16', 1, 0, 0, 0, 2, 1, 2, 30, 1, 1, 0, 1, 2, 3, 1, 2, 0, 0, NULL, NULL, NULL),
(136, '0000-00-00', 2, 0, 1, 1, 2, 0, 1, 2, 56, 10, 3, 0, 1, 3, 3, 2, 3, 0, 0, 2, 1, 3, 3, 0, '2015-04-21', 3, 0, 0, 0, 2, 1, 2, 30, 1, 1, 0, 3, 2, 3, 1, 3, 0, 0, NULL, NULL, NULL),
(137, '0000-00-00', 2, 0, 3, 1, 2, 0, 1, 1, 67, 10, 3, 0, 2, 3, 1, 2, 1, 0, 0, 2, 3, 3, 3, 0, '2013-11-11', 1, 0, 0, 0, 2, 1, 2, 10, 1, 1, 0, 2, 2, 3, 2, 2, 0, 0, NULL, NULL, NULL),
(138, '0000-00-00', 2, 0, 2, 1, 2, 0, 2, 1, 63, 20, 3, 0, 0, 3, 3, 2, 3, 0, 0, 2, 1, 3, 3, 0, '2013-07-10', 1, 0, 0, 0, 1, 1, 2, 6, 1, 1, 0, 3, 2, 1, 2, 1, 0, 0, NULL, NULL, NULL),
(139, '0000-00-00', 2, 0, 3, 2, 2, 0, 2, 2, 62, 0, 3, 0, 0, 3, 3, 2, 1, 0, 0, 2, 1, 3, 3, 0, '2008-08-07', 1, 0, 0, 0, 1, 1, 2, 22, 1, 1, 0, 3, 2, 3, 2, 5, 0, 0, NULL, NULL, NULL),
(140, '0000-00-00', 2, 0, 2, 2, 2, 0, 1, 2, 49, 5, 3, 0, 0, 3, 3, 2, 1, 0, 0, 2, 1, 3, 3, 0, '2011-03-14', 1, 0, 0, 0, 2, 1, 2, 7, 1, 1, 0, 2, 2, 3, 2, 1, 0, 0, NULL, NULL, NULL),
(141, '0000-00-00', 2, 0, 3, 2, 2, 0, 1, 1, 63, 10, 3, 0, 0, 3, 3, 2, 2, 0, 0, 2, 1, 3, 3, 0, '2012-08-02', 1, 0, 0, 0, 2, 1, 2, 30, 1, 1, 0, 1, 2, 1, 2, 2, 0, 0, NULL, NULL, NULL),
(142, '0000-00-00', 2, 0, 1, 2, 2, 0, 1, 1, 54, 0, 3, 0, 2, 3, 1, 2, 5, 0, 0, 2, 3, 3, 3, 0, '2012-06-06', 1, 0, 0, 0, 2, 2, 2, 5, 1, 2, 0, 3, 2, 3, 2, 1, 0, 0, NULL, NULL, NULL),
(143, '0000-00-00', 2, 0, 2, 2, 2, 0, 1, 1, 64, 0, 3, 0, 1, 3, 5, 2, 5, 0, 0, 2, 1, 3, 3, 0, '2011-03-07', 1, 0, 0, 0, 2, 1, 2, 5, 1, 2, 0, 3, 2, 1, 2, 2, 0, 0, NULL, NULL, NULL),
(144, '0000-00-00', 2, 0, 1, 2, 1, 0, 2, 2, 57, 20, 3, 0, 0, 3, 2, 1, 1, 0, 0, 1, 3, 3, 3, 0, '2012-01-11', 1, 0, 0, 0, 1, 1, 2, 25, 1, 2, 0, 3, 2, 1, 2, 2, 0, 0, NULL, NULL, NULL),
(145, '0000-00-00', 2, 0, 2, 2, 2, 0, 1, 1, 57, 3, 3, 0, 0, 3, 2, 2, 1, 0, 0, 2, 3, 3, 3, 0, '2014-10-01', 1, 0, 0, 0, 2, 1, 2, 10, 1, 1, 0, 3, 2, 3, 2, 2, 0, 0, NULL, NULL, NULL),
(146, '0000-00-00', 2, 0, 3, 2, 2, 0, 2, 1, 56, 0, 3, 0, 0, 3, 3, 2, 1, 0, 0, 2, 1, 3, 3, 0, '2009-11-10', 1, 0, 0, 0, 1, 4, 1, 17, 1, 1, 0, 3, 2, 1, 2, 2, 0, 0, NULL, NULL, NULL),
(147, '0000-00-00', 2, 0, 3, 2, 2, 0, 2, 1, 59, 6, 3, 0, 0, 3, 2, 2, 2, 0, 0, 2, 3, 3, 3, 0, '2015-06-16', 1, 0, 0, 0, 1, 1, 2, 13, 1, 1, 0, 3, 2, 3, 2, 2, 0, 0, NULL, NULL, NULL),
(148, '0000-00-00', 2, 0, 2, 1, 2, 0, 2, 1, 63, 25, 3, 0, 0, 3, 3, 2, 2, 0, 0, 2, 1, 3, 3, 0, '2013-04-01', 1, 0, 0, 0, 1, 1, 2, 20, 1, 1, 0, 3, 2, 3, 2, 1, 0, 0, NULL, NULL, NULL),
(149, '0000-00-00', 2, 0, 0, 1, 2, 0, 2, 1, 55, 7, 3, 0, 0, 3, 1, 2, 1, 0, 0, 2, 1, 3, 3, 0, '2014-10-21', 1, 0, 0, 0, 1, 1, 2, 10, 1, 1, 0, 3, 2, 1, 1, 1, 0, 0, NULL, NULL, NULL),
(150, '0000-00-00', 2, 0, 2, 2, 2, 0, 1, 1, 65, 20, 3, 0, 0, 3, 1, 1, 1, 0, 0, 2, 1, 3, 3, 0, '2014-02-19', 1, 0, 0, 0, 2, 1, 2, 5, 1, 1, 0, 3, 2, 3, 2, 3, 0, 0, NULL, NULL, NULL),
(151, '0000-00-00', 2, 0, 2, 2, 2, 0, 2, 1, 61, 0, 3, 0, 0, 3, 1, 2, 5, 0, 0, 2, 3, 3, 3, 0, '2013-12-03', 1, 0, 0, 0, 1, 1, 2, 7, 1, 2, 0, 3, 2, 3, 2, 1, 0, 0, NULL, NULL, NULL),
(152, '0000-00-00', 2, 0, 2, 2, 2, 0, 1, 1, 52, 50, 3, 0, 0, 3, 1, 1, 1, 0, 0, 2, 3, 3, 3, 0, '2014-12-16', 1, 0, 0, 0, 2, 1, 2, 30, 1, 1, 0, 3, 2, 3, 2, 1, 0, 0, NULL, NULL, NULL),
(153, '0000-00-00', 1, 0, 2, 2, 2, 0, 3, 1, 68, 5, 3, 0, 0, 3, 3, 2, 1, 0, 0, 2, 1, 3, 3, 0, '2011-01-10', 1, 0, 0, 0, 1, 1, 1, 17, 1, 1, 0, 3, 1, 1, 2, 1, 0, 0, NULL, NULL, NULL),
(154, '0000-00-00', 1, 0, 2, 2, 2, 0, 2, 1, 62, 10, 3, 0, 0, 3, 4, 2, 4, 0, 0, 2, 1, 3, 3, 0, '2010-12-02', 1, 0, 0, 0, 1, 1, 2, 13, 1, 1, 0, 1, 1, 1, 2, 4, 0, 0, NULL, NULL, NULL),
(155, '0000-00-00', 1, 0, 2, 2, 2, 0, 3, 1, 54, 8, 3, 0, 0, 3, 3, 2, 2, 0, 0, 2, 1, 3, 3, 0, '2015-10-02', 1, 0, 0, 0, 2, 1, 2, 80, 1, 1, 0, 3, 2, 3, 2, 3, 0, 0, NULL, NULL, NULL),
(156, '0000-00-00', 2, 0, 2, 2, 2, 0, 2, 1, 62, 3, 3, 0, 0, 3, 3, 2, 1, 0, 0, 2, 3, 3, 3, 0, '2012-12-05', 1, 0, 0, 0, 1, 1, 2, 7, 1, 1, 0, 3, 2, 1, 2, 1, 0, 0, NULL, NULL, NULL),
(157, '0000-00-00', 2, 0, 2, 2, 2, 0, 2, 1, 59, 3, 3, 0, 0, 3, 1, 2, 1, 0, 0, 2, 3, 3, 3, 0, '2014-11-26', 1, 0, 0, 0, 1, 1, 2, 7, 1, 1, 0, 3, 2, 1, 2, 1, 0, 0, NULL, NULL, NULL),
(158, '0000-00-00', 2, 0, 2, 2, 2, 0, 2, 2, 64, 5, 3, 0, 0, 3, 3, 2, 1, 0, 0, 1, 1, 3, 3, 0, '2014-06-04', 1, 0, 0, 0, 1, 1, 2, 15, 1, 1, 0, 3, 2, 3, 1, 2, 0, 0, NULL, NULL, NULL),
(159, '0000-00-00', 2, 0, 2, 2, 2, 0, 2, 1, 66, 5, 3, 0, 0, 3, 2, 2, 1, 0, 0, 2, 3, 3, 3, 0, '2015-04-27', 1, 0, 0, 0, 1, 1, 2, 5, 1, 1, 0, 3, 2, 1, 2, 1, 0, 0, NULL, NULL, NULL),
(160, '0000-00-00', 2, 0, 1, 2, 2, 0, 2, 2, 65, 3, 4, 0, 0, 2, 1, 1, 5, 0, 0, 2, 2, 3, 2, 0, '2014-08-05', 1, 0, 0, 0, 1, 1, 2, 5, 1, 2, 0, 3, 2, 1, 1, 3, 0, 0, NULL, NULL, NULL),
(161, '0000-00-00', 2, 0, 2, 1, 2, 0, 1, 1, 58, 0, 3, 0, 0, 2, 2, 1, 5, 0, 0, 2, 1, 3, 2, 0, '2009-05-18', 1, 0, 0, 0, 2, 1, 2, 55, 1, 2, 0, 3, 2, 1, 2, 2, 0, 0, NULL, NULL, NULL),
(162, '0000-00-00', 1, 0, 3, 2, 2, 0, 3, 1, 56, 7, 3, 0, 0, 3, 4, 2, 1, 0, 0, 2, 1, 3, 1, 0, '2014-05-07', 1, 0, 0, 0, 1, 1, 2, 30, 1, 1, 0, 3, 2, 3, 2, 4, 0, 0, NULL, NULL, NULL),
(163, '0000-00-00', 2, 0, 3, 2, 2, 0, 2, 2, 55, 7, 3, 0, 1, 3, 2, 2, 2, 0, 0, 1, 3, 3, 3, 0, '2011-12-22', 1, 0, 0, 0, 1, 1, 2, 25, 1, 2, 0, 3, 2, 1, 1, 1, 0, 0, NULL, NULL, NULL),
(164, '0000-00-00', 2, 0, 2, 2, 2, 0, 2, 1, 54, 5, 3, 0, 1, 3, 2, 2, 1, 0, 0, 2, 3, 3, 3, 0, '2013-05-13', 1, 0, 0, 0, 1, 1, 2, 7, 1, 1, 0, 3, 2, 3, 2, 1, 0, 0, NULL, NULL, NULL),
(165, '0000-00-00', 2, 0, 2, 1, 2, 0, 2, 2, 52, 30, 3, 0, 0, 3, 3, 2, 2, 0, 0, 2, 1, 3, 3, 0, '2014-03-10', 1, 0, 0, 0, 1, 1, 2, 18, 1, 1, 0, 1, 2, 3, 2, 3, 0, 0, NULL, NULL, NULL),
(166, '0000-00-00', 2, 0, 1, 1, 2, 0, 2, 1, 65, 3, 3, 0, 0, 3, 3, 2, 1, 0, 0, 1, 3, 3, 3, 0, '2014-03-18', 1, 0, 0, 0, 1, 1, 2, 4, 1, 2, 0, 3, 2, 1, 2, 2, 0, 0, NULL, NULL, NULL),
(167, '0000-00-00', 2, 0, 2, 1, 2, 0, 1, 2, 54, 4, 3, 0, 1, 3, 2, 2, 1, 0, 0, 2, 3, 3, 3, 0, '2013-05-27', 1, 0, 0, 0, 2, 1, 2, 10, 1, 1, 0, 3, 2, 3, 2, 1, 0, 0, NULL, NULL, NULL),
(168, '0000-00-00', 2, 0, 3, 2, 2, 0, 2, 1, 60, 6, 3, 0, 0, 3, 1, 2, 1, 0, 0, 2, 1, 3, 3, 0, '2012-05-21', 1, 0, 0, 0, 2, 1, 2, 4, 1, 1, 0, 3, 2, 1, 2, 1, 0, 0, NULL, NULL, NULL),
(169, '0000-00-00', 1, 0, 1, 2, 2, 0, 3, 2, 56, 5, 3, 0, 0, 3, 3, 1, 2, 0, 0, 1, 3, 3, 3, 0, '2015-01-19', 1, 0, 0, 0, 1, 1, 2, 13, 1, 1, 0, 3, 2, 3, 2, 4, 0, 0, NULL, NULL, NULL),
(170, '0000-00-00', 2, 0, 2, 2, 2, 0, 2, 1, 59, 25, 3, 0, 1, 3, 4, 2, 4, 0, 0, 2, 3, 3, 3, 0, '2014-06-12', 1, 0, 0, 0, 1, 1, 2, 9, 1, 1, 0, 3, 2, 3, 2, 3, 0, 0, NULL, NULL, NULL),
(171, '0000-00-00', 2, 0, 3, 2, 2, 0, 2, 2, 55, 0, 3, 0, 1, 2, 2, 2, 5, 0, 0, 1, 2, 3, 2, 0, '2011-06-06', 1, 0, 0, 0, 1, 1, 2, 33, 1, 2, 0, 3, 2, 1, 2, 4, 0, 0, NULL, NULL, NULL),
(172, '0000-00-00', 1, 0, 2, 2, 2, 0, 3, 2, 46, 55, 3, 0, 0, 1, 3, 2, 4, 0, 0, 1, 1, 3, 3, 0, '2011-11-02', 1, 0, 0, 0, 1, 1, 2, 80, 1, 2, 0, 1, 1, 1, 1, 4, 0, 0, NULL, NULL, NULL),
(173, '0000-00-00', 2, 0, 2, 1, 2, 0, 2, 1, 60, 3, 3, 0, 0, 3, 3, 2, 1, 0, 0, 1, 3, 3, 3, 0, '2015-02-10', 1, 0, 0, 0, 1, 1, 2, 27, 1, 2, 0, 3, 2, 3, 2, 1, 0, 0, NULL, NULL, NULL),
(174, '0000-00-00', 2, 0, 2, 2, 2, 0, 2, 1, 47, 5, 3, 0, 0, 2, 2, 2, 1, 0, 0, 1, 1, 3, 3, 0, '2010-08-09', 1, 0, 0, 0, 1, 1, 2, 20, 1, 2, 0, 3, 2, 1, 2, 1, 0, 0, NULL, NULL, NULL),
(175, '0000-00-00', 2, 0, 3, 2, 2, 0, 2, 1, 60, 23, 3, 0, 0, 3, 4, 2, 2, 0, 0, 1, 1, 3, 3, 0, '2011-01-17', 1, 0, 0, 0, 1, 1, 1, 20, 1, 2, 0, 3, 2, 1, 2, 2, 0, 0, NULL, NULL, NULL),
(176, '0000-00-00', 2, 0, 2, 2, 2, 0, 2, 1, 66, 40, 3, 0, 0, 3, 1, 2, 2, 0, 0, 2, 1, 3, 3, 0, '2009-03-23', 1, 0, 0, 0, 1, 1, 2, 10, 1, 1, 0, 3, 2, 3, 2, 1, 0, 0, NULL, NULL, NULL),
(177, '0000-00-00', 2, 0, 2, 2, 2, 0, 1, 1, 61, 4, 3, 0, 0, 3, 1, 2, 1, 0, 0, 2, 2, 3, 3, 0, '2014-04-14', 1, 0, 0, 0, 2, 1, 2, 20, 1, 1, 0, 1, 2, 3, 2, 4, 0, 0, NULL, NULL, NULL),
(178, '0000-00-00', 1, 0, 2, 2, 2, 0, 3, 1, 66, 60, 3, 0, 0, 3, 4, 2, 2, 0, 0, 2, 1, 3, 3, 0, '2013-06-10', 1, 0, 0, 0, 1, 1, 2, 20, 1, 1, 0, 1, 2, 1, 2, 2, 0, 0, NULL, NULL, NULL),
(179, '0000-00-00', 1, 0, 0, 1, 2, 0, 3, 1, 62, 20, 3, 0, 0, 3, 3, 1, 3, 0, 0, 2, 3, 3, 3, 0, '1900-03-02', 1, 0, 0, 0, 2, 1, 2, 25, 1, 1, 0, 3, 2, 3, 2, 2, 0, 0, NULL, NULL, NULL),
(180, '0000-00-00', 2, 0, 1, 2, 2, 0, 5, 1, 54, 80, 3, 0, 0, 3, 4, 2, 3, 0, 0, 2, 1, 3, 3, 0, '2014-01-20', 1, 0, 0, 0, 1, 1, 2, 15, 1, 1, 0, 1, 2, 3, 1, 1, 0, 0, NULL, NULL, NULL),
(181, '0000-00-00', 2, 0, 3, 2, 2, 0, 1, 2, 53, 20, 3, 0, 0, 3, 2, 2, 2, 0, 0, 2, 1, 3, 3, 0, '2012-01-09', 1, 0, 0, 0, 2, 1, 2, 20, 1, 1, 0, 3, 2, 3, 2, 1, 0, 0, NULL, NULL, NULL),
(182, '0000-00-00', 2, 0, 1, 2, 2, 0, 2, 1, 51, 10, 3, 0, 0, 3, 4, 2, 3, 0, 0, 2, 1, 3, 3, 0, '2009-11-17', 1, 0, 0, 0, 1, 1, 1, 7, 1, 1, 0, 3, 2, 1, 1, 3, 0, 0, NULL, NULL, NULL),
(183, '0000-00-00', 1, 0, 2, 2, 2, 0, 3, 1, 67, 20, 3, 0, 0, 3, 4, 2, 2, 0, 0, 2, 1, 3, 3, 0, '2010-01-18', 1, 0, 0, 0, 1, 1, 1, 20, 1, 1, 0, 3, 1, 1, 2, 4, 0, 0, NULL, NULL, NULL),
(184, '0000-00-00', 2, 0, 3, 1, 2, 0, 2, 1, 69, 26, 3, 0, 2, 3, 3, 2, 2, 0, 0, 1, 3, 3, 3, 0, '2014-06-04', 1, 0, 0, 0, 1, 1, 2, 20, 1, 2, 0, 3, 2, 3, 2, 2, 0, 0, NULL, NULL, NULL),
(185, '0000-00-00', 1, 0, 2, 1, 2, 0, 3, 1, 67, 4, 3, 0, 0, 3, 3, 2, 1, 0, 0, 1, 1, 3, 3, 0, '2015-06-15', 1, 0, 0, 0, 1, 1, 2, 30, 1, 2, 0, 3, 1, 1, 1, 1, 0, 0, NULL, NULL, NULL),
(186, '0000-00-00', 1, 0, 1, 2, 2, 0, 3, 2, 47, 2, 3, 0, 0, 2, 3, 2, 1, 0, 0, 2, 1, 3, 2, 0, '2012-10-03', 1, 0, 0, 0, 2, 1, 2, 30, 3, 1, 0, 3, 2, 1, 2, 1, 0, 0, NULL, NULL, NULL),
(187, '0000-00-00', 2, 0, 2, 2, 2, 0, 1, 1, 54, 5, 3, 0, 1, 3, 3, 2, 3, 0, 0, 2, 1, 3, 3, 0, '2014-02-20', 1, 0, 0, 0, 2, 1, 2, 30, 1, 1, 0, 1, 2, 1, 2, 3, 0, 0, NULL, NULL, NULL),
(188, '0000-00-00', 2, 0, 2, 2, 2, 0, 2, 1, 62, 8, 3, 0, 0, 3, 2, 2, 2, 0, 0, 1, 1, 3, 3, 0, '2012-06-21', 1, 0, 0, 0, 1, 1, 2, 12, 1, 1, 0, 1, 2, 3, 2, 1, 0, 0, NULL, NULL, NULL),
(189, '0000-00-00', 2, 0, 2, 2, 2, 0, 1, 2, 66, 40, 3, 0, 0, 3, 1, 2, 1, 0, 0, 2, 1, 3, 3, 0, '2012-10-29', 1, 0, 0, 0, 2, 1, 2, 10, 1, 1, 0, 3, 2, 1, 2, 3, 0, 0, NULL, NULL, NULL),
(190, '0000-00-00', 2, 0, 2, 2, 2, 0, 2, 1, 54, 5, 3, 0, 0, 3, 2, 2, 1, 0, 0, 2, 3, 3, 3, 0, '2012-02-20', 1, 0, 0, 0, 1, 1, 2, 8, 1, 1, 0, 3, 2, 3, 2, 1, 0, 0, NULL, NULL, NULL),
(191, '0000-00-00', 2, 0, 1, 2, 2, 0, 1, 1, 63, 10, 3, 0, 0, 3, 1, 2, 1, 0, 0, 2, 3, 3, 3, 0, '2013-11-13', 1, 0, 0, 0, 1, 1, 2, 10, 1, 1, 0, 2, 2, 3, 2, 1, 0, 0, NULL, NULL, NULL),
(192, '0000-00-00', 2, 0, 2, 2, 2, 0, 2, 1, 66, 20, 3, 0, 1, 3, 3, 2, 2, 0, 0, 2, 3, 3, 3, 0, '2012-02-14', 1, 0, 0, 0, 1, 1, 2, 10, 1, 1, 0, 3, 2, 1, 2, 1, 0, 0, NULL, NULL, NULL),
(193, '0000-00-00', 1, 0, 3, 1, 2, 0, 3, 2, 54, 30, 3, 0, 0, 3, 3, 2, 3, 0, 0, 1, 3, 3, 3, 0, '2014-12-18', 1, 0, 0, 0, 1, 1, 2, 20, 1, 2, 0, 1, 1, 3, 1, 1, 0, 0, NULL, NULL, NULL),
(194, '0000-00-00', 2, 0, 2, 2, 2, 0, 5, 1, 63, 40, 3, 0, 0, 3, 4, 2, 1, 0, 0, 1, 3, 3, 3, 0, '2014-04-02', 1, 0, 0, 0, 1, 1, 2, 10, 1, 2, 0, 2, 2, 3, 2, 3, 0, 0, NULL, NULL, NULL),
(195, '0000-00-00', 1, 0, 2, 1, 1, 0, 3, 2, 62, 4, 3, 0, 0, 3, 4, 2, 2, 0, 0, 1, 3, 3, 3, 0, '2015-03-02', 1, 0, 0, 0, 1, 1, 2, 40, 1, 2, 0, 3, 2, 3, 1, 2, 0, 0, NULL, NULL, NULL),
(196, '0000-00-00', 2, 0, 3, 1, 2, 0, 5, 3, 70, 3, 3, 0, 0, 3, 4, 2, 2, 0, 0, 2, 1, 3, 3, 0, '2014-05-22', 1, 0, 0, 0, 1, 1, 2, 65, 2, 1, 0, 3, 3, 3, 2, 4, 0, 0, NULL, NULL, NULL),
(197, '0000-00-00', 2, 0, 1, 2, 1, 0, 1, 2, 66, 5, 3, 0, 0, 3, 1, 2, 1, 0, 0, 2, 3, 3, 3, 0, '2012-02-19', 1, 0, 0, 0, 2, 1, 2, 4, 2, 1, 0, 3, 2, 3, 2, 2, 0, 0, NULL, NULL, NULL),
(198, '0000-00-00', 2, 0, 2, 1, 2, 0, 1, 1, 65, 10, 3, 0, 1, 3, 1, 1, 1, 0, 0, 2, 3, 3, 3, 0, '2015-11-11', 1, 0, 0, 0, 2, 1, 2, 5, 1, 1, 0, 3, 2, 1, 2, 1, 0, 0, NULL, NULL, NULL),
(199, '0000-00-00', 1, 0, 3, 2, 2, 0, 3, 1, 62, 35, 3, 0, 0, 2, 4, 2, 4, 0, 0, 1, 1, 3, 3, 0, '2009-05-16', 1, 0, 0, 0, 1, 1, 2, 17, 1, 2, 0, 1, 1, 1, 1, 1, 0, 0, NULL, NULL, NULL),
(200, '0000-00-00', 2, 0, 3, 2, 1, 0, 2, 3, 67, 3, 3, 0, 0, 2, 2, 2, 1, 0, 0, 1, 3, 3, 3, 0, '2015-07-01', 1, 0, 0, 0, 1, 1, 2, 12, 1, 2, 0, 3, 2, 3, 2, 2, 0, 0, NULL, NULL, NULL),
(201, '0000-00-00', 2, 0, 3, 1, 2, 0, 2, 1, 68, 30, 3, 0, 0, 3, 1, 2, 1, 0, 0, 2, 3, 3, 3, 0, '2015-04-13', 1, 0, 0, 0, 1, 1, 2, 7, 1, 1, 0, 3, 2, 3, 2, 1, 0, 0, NULL, NULL, NULL),
(202, '0000-00-00', 2, 0, 2, 1, 2, 0, 5, 3, 65, 9, 3, 0, 1, 3, 4, 2, 3, 0, 0, 2, 1, 3, 3, 0, '2013-08-07', 1, 0, 0, 0, 1, 1, 1, 30, 1, 1, 0, 3, 2, 3, 1, 4, 0, 0, NULL, NULL, NULL),
(203, '0000-00-00', 1, 0, 2, 1, 2, 0, 3, 1, 59, 15, 3, 0, 0, 3, 4, 2, 3, 0, 0, 1, 3, 3, 3, 0, '2013-09-06', 1, 0, 0, 0, 1, 1, 2, 7, 1, 2, 0, 2, 1, 3, 1, 1, 0, 0, NULL, NULL, NULL),
(204, '0000-00-00', 2, 0, 1, 2, 2, 0, 2, 1, 59, 17, 3, 0, 0, 3, 2, 1, 1, 0, 0, 1, 1, 3, 2, 0, '2015-11-03', 1, 0, 0, 0, 1, 1, 2, 7, 1, 2, 0, 3, 2, 3, 2, 5, 0, 0, NULL, NULL, NULL),
(205, '0000-00-00', 2, 0, 3, 1, 1, 0, 1, 1, 52, 30, 3, 0, 0, 3, 3, 2, 1, 0, 0, 2, 3, 3, 3, 0, '2015-05-04', 1, 0, 0, 0, 2, 1, 2, 15, 1, 1, 0, 3, 2, 3, 1, 4, 0, 0, NULL, NULL, NULL),
(206, '0000-00-00', 2, 0, 0, 2, 2, 0, 1, 3, 52, 3, 3, 0, 0, 3, 4, 2, 3, 0, 0, 2, 1, 3, 3, 0, '2013-05-09', 1, 0, 0, 0, 2, 1, 2, 50, 1, 1, 0, 3, 2, 3, 2, 3, 0, 0, NULL, NULL, NULL),
(207, '0000-00-00', 2, 0, 2, 2, 2, 0, 2, 1, 67, 3, 3, 0, 0, 3, 3, 2, 2, 0, 0, 2, 1, 3, 3, 0, '2013-06-13', 1, 0, 0, 0, 1, 1, 2, 7, 1, 1, 0, 3, 2, 3, 2, 1, 0, 0, NULL, NULL, NULL),
(208, '0000-00-00', 2, 0, 2, 1, 2, 0, 2, 1, 59, 15, 3, 0, 0, 3, 3, 2, 1, 0, 0, 2, 3, 3, 3, 0, '2012-11-14', 1, 0, 0, 0, 1, 1, 2, 7, 1, 1, 0, 3, 2, 3, 2, 1, 0, 0, NULL, NULL, NULL),
(209, '0000-00-00', 1, 0, 3, 2, 2, 0, 3, 1, 59, 18, 3, 0, 0, 3, 3, 2, 3, 0, 0, 1, 1, 3, 3, 0, '2012-01-26', 1, 0, 0, 0, 1, 1, 1, 35, 1, 2, 0, 1, 1, 3, 2, 5, 0, 0, NULL, NULL, NULL),
(210, '0000-00-00', 1, 0, 2, 1, 2, 0, 3, 3, 65, 40, 3, 0, 1, 1, 4, 1, 2, 0, 0, 1, 1, 3, 3, 0, '2015-10-07', 1, 0, 0, 0, 1, 1, 2, 50, 1, 2, 0, 1, 1, 1, 1, 2, 0, 0, NULL, NULL, NULL),
(211, '0000-00-00', 2, 0, 2, 2, 2, 0, 2, 2, 60, 40, 3, 0, 0, 3, 3, 2, 2, 0, 0, 2, 1, 3, 3, 0, '2009-10-08', 1, 0, 0, 0, 1, 1, 2, 22, 1, 1, 0, 3, 2, 1, 2, 2, 0, 0, NULL, NULL, NULL),
(212, '0000-00-00', 2, 0, 1, 2, 2, 0, 2, 1, 52, 20, 3, 0, 0, 3, 4, 2, 1, 0, 0, 2, 1, 3, 3, 0, '2009-05-20', 1, 0, 0, 0, 1, 1, 2, 12, 1, 1, 0, 3, 2, 3, 2, 4, 0, 0, NULL, NULL, NULL),
(213, '0000-00-00', 2, 0, 1, 1, 2, 0, 1, 1, 67, 7, 3, 0, 0, 3, 2, 2, 2, 0, 0, 2, 3, 3, 3, 0, '2014-11-24', 1, 0, 0, 0, 2, 1, 2, 20, 1, 1, 0, 3, 2, 3, 2, 1, 0, 0, NULL, NULL, NULL),
(214, '0000-00-00', 2, 0, 3, 1, 2, 0, 1, 1, 70, 3, 3, 0, 1, 3, 1, 2, 1, 0, 0, 2, 2, 3, 3, 0, '2015-09-09', 1, 0, 0, 0, 2, 1, 2, 5, 1, 1, 0, 3, 2, 3, 2, 2, 0, 0, NULL, NULL, NULL),
(215, '0000-00-00', 1, 0, 1, 2, 2, 0, 3, 1, 68, 12, 3, 0, 0, 3, 4, 2, 2, 0, 0, 1, 1, 3, 3, 0, '2012-10-24', 1, 0, 0, 0, 1, 1, 2, 20, 1, 2, 0, 3, 2, 3, 2, 2, 0, 0, NULL, NULL, NULL),
(216, '0000-00-00', 2, 0, 2, 1, 2, 0, 2, 1, 67, 11, 3, 0, 0, 2, 3, 2, 3, 0, 0, 1, 3, 3, 3, 0, '2012-08-16', 1, 0, 0, 0, 1, 1, 2, 10, 1, 2, 0, 3, 2, 1, 2, 4, 0, 0, NULL, NULL, NULL),
(217, '0000-00-00', 2, 0, 3, 2, 2, 0, 5, 1, 59, 17, 3, 0, 0, 3, 3, 2, 3, 0, 0, 1, 3, 3, 3, 0, '2011-08-30', 1, 0, 0, 0, 1, 1, 2, 33, 1, 2, 0, 3, 2, 3, 1, 1, 0, 0, NULL, NULL, NULL),
(218, '0000-00-00', 2, 0, 2, 2, 2, 0, 1, 2, 57, 5, 3, 0, 1, 3, 2, 2, 2, 0, 0, 1, 1, 3, 3, 0, '2015-11-16', 1, 0, 0, 0, 2, 1, 2, 10, 1, 1, 0, 3, 2, 1, 2, 2, 0, 0, NULL, NULL, NULL),
(219, '0000-00-00', 2, 0, 3, 1, 2, 0, 1, 2, 54, 3, 3, 0, 0, 3, 2, 1, 1, 0, 0, 2, 1, 3, 3, 0, '2012-10-02', 1, 0, 0, 0, 2, 1, 2, 8, 1, 1, 0, 3, 2, 3, 2, 5, 0, 0, NULL, NULL, NULL),
(220, '0000-00-00', 2, 0, 2, 2, 2, 0, 1, 1, 53, 70, 3, 0, 0, 3, 3, 2, 1, 0, 0, 2, 1, 3, 3, 0, '2014-08-11', 1, 0, 0, 0, 2, 1, 2, 10, 1, 1, 0, 2, 2, 3, 2, 2, 0, 0, NULL, NULL, NULL),
(221, '0000-00-00', 1, 0, 2, 1, 1, 0, 3, 1, 61, 7, 3, 0, 0, 2, 4, 2, 3, 0, 0, 2, 1, 3, 3, 0, '2013-01-14', 1, 0, 0, 0, 1, 1, 2, 22, 1, 1, 0, 3, 2, 3, 1, 3, 0, 0, NULL, NULL, NULL),
(222, '0000-00-00', 2, 0, 3, 2, 2, 0, 5, 1, 67, 7, 3, 0, 0, 3, 3, 1, 2, 0, 0, 2, 3, 3, 3, 0, '2011-11-23', 1, 0, 0, 0, 1, 1, 2, 5, 1, 1, 0, 3, 2, 1, 1, 1, 0, 0, NULL, NULL, NULL),
(223, '0000-00-00', 2, 0, 2, 1, 2, 0, 2, 2, 61, 35, 3, 0, 0, 3, 2, 2, 2, 0, 0, 1, 1, 3, 3, 0, '2009-03-17', 1, 0, 0, 0, 1, 1, 2, 15, 1, 2, 0, 3, 2, 3, 1, 1, 0, 0, NULL, NULL, NULL),
(224, '0000-00-00', 2, 0, 2, 1, 2, 0, 1, 1, 64, 10, 2, 0, 0, 3, 1, 2, 1, 0, 0, 2, 3, 3, 3, 0, '2014-10-22', 1, 0, 0, 0, 2, 4, 2, 7, 1, 1, 0, 2, 2, 1, 2, 3, 0, 0, NULL, NULL, NULL),
(225, '0000-00-00', 2, 0, 2, 2, 2, 0, 1, 1, 63, 3, 3, 0, 1, 3, 1, 2, 1, 0, 0, 2, 3, 3, 3, 0, '2014-06-02', 1, 0, 0, 0, 2, 1, 2, 5, 1, 1, 0, 3, 2, 1, 2, 2, 0, 0, NULL, NULL, NULL),
(226, '0000-00-00', 2, 0, 1, 1, 2, 0, 1, 3, 53, 10, 3, 0, 0, 3, 1, 2, 2, 0, 0, 2, 1, 3, 3, 0, '2013-09-09', 1, 0, 0, 0, 2, 1, 2, 50, 1, 1, 0, 1, 2, 3, 2, 5, 0, 0, NULL, NULL, NULL),
(227, '0000-00-00', 2, 0, 2, 2, 2, 0, 5, 1, 59, 5, 3, 0, 0, 3, 2, 2, 2, 0, 0, 2, 1, 3, 3, 0, '2012-03-05', 1, 0, 0, 0, 2, 1, 2, 25, 1, 1, 0, 3, 2, 3, 1, 1, 0, 0, NULL, NULL, NULL),
(228, '0000-00-00', 2, 0, 2, 1, 2, 0, 1, 2, 59, 0, 3, 0, 2, 3, 1, 2, 5, 0, 0, 2, 3, 3, 3, 0, '2011-12-12', 1, 0, 0, 0, 2, 1, 2, 4, 1, 1, 0, 3, 2, 1, 2, 4, 0, 0, NULL, NULL, NULL),
(229, '0000-00-00', 2, 0, 2, 2, 2, 0, 2, 1, 60, 5, 3, 0, 0, 3, 1, 2, 1, 0, 0, 2, 3, 3, 3, 0, '2013-06-17', 1, 0, 0, 0, 1, 1, 2, 3, 1, 1, 0, 3, 2, 1, 2, 4, 0, 0, NULL, NULL, NULL),
(230, '0000-00-00', 2, 0, 3, 1, 1, 0, 2, 2, 68, 7, 3, 0, 0, 3, 2, 2, 1, 0, 0, 2, 3, 3, 3, 0, '2012-05-17', 1, 0, 0, 0, 1, 1, 2, 6, 1, 1, 0, 3, 2, 1, 2, 1, 0, 0, NULL, NULL, NULL),
(231, '0000-00-00', 2, 0, 3, 2, 2, 0, 2, 1, 67, 5, 3, 0, 0, 3, 1, 2, 1, 0, 0, 1, 1, 3, 3, 0, '2013-09-25', 1, 0, 0, 0, 1, 1, 2, 20, 1, 2, 0, 3, 2, 1, 2, 3, 0, 0, NULL, NULL, NULL),
(232, '0000-00-00', 1, 0, 2, 2, 2, 0, 3, 1, 67, 5, 3, 0, 0, 3, 3, 1, 2, 0, 0, 2, 3, 3, 3, 0, '2013-08-01', 1, 0, 0, 0, 1, 1, 2, 10, 1, 1, 0, 1, 1, 3, 1, 1, 0, 0, NULL, NULL, NULL),
(233, '0000-00-00', 2, 0, 3, 1, 2, 0, 1, 1, 53, 5, 3, 0, 1, 3, 1, 2, 1, 0, 0, 2, 1, 3, 2, 0, '2010-07-26', 1, 0, 0, 0, 2, 1, 2, 1, 1, 1, 0, 3, 2, 3, 2, 2, 0, 0, NULL, NULL, NULL),
(234, '0000-00-00', 2, 0, 1, 2, 2, 0, 2, 1, 62, 3, 3, 0, 1, 3, 1, 2, 1, 0, 0, 2, 3, 3, 3, 0, '2011-12-07', 1, 0, 0, 0, 1, 1, 2, 6, 1, 1, 0, 3, 2, 3, 2, 5, 0, 0, NULL, NULL, NULL),
(235, '0000-00-00', 2, 0, 1, 2, 2, 0, 5, 2, 55, 10, 3, 0, 0, 3, 3, 1, 3, 0, 0, 2, 3, 3, 3, 0, '2011-11-10', 1, 0, 0, 0, 2, 1, 2, 20, 1, 1, 0, 3, 2, 1, 1, 4, 0, 0, NULL, NULL, NULL),
(236, '0000-00-00', 2, 0, 2, 2, 2, 0, 2, 1, 63, 0, 3, 0, 1, 3, 2, 2, 5, 0, 0, 2, 1, 3, 3, 0, '2009-06-23', 1, 0, 0, 0, 1, 1, 1, 7, 1, 1, 0, 3, 2, 1, 2, 5, 0, 0, NULL, NULL, NULL),
(237, '0000-00-00', 1, 0, 2, 2, 2, 0, 3, 1, 61, 15, 3, 0, 0, 3, 3, 2, 1, 0, 0, 2, 3, 3, 3, 0, '2009-05-19', 1, 0, 0, 0, 1, 1, 1, 20, 1, 1, 0, 3, 2, 3, 1, 4, 0, 0, NULL, NULL, NULL),
(238, '0000-00-00', 1, 0, 2, 2, 2, 0, 3, 2, 65, 30, 3, 0, 0, 3, 4, 2, 4, 0, 0, 2, 1, 3, 3, 0, '2013-07-01', 1, 0, 0, 0, 1, 1, 2, 30, 1, 1, 0, 1, 1, 3, 2, 2, 0, 0, NULL, NULL, NULL),
(239, '0000-00-00', 2, 0, 3, 1, 2, 0, 5, 1, 63, 7, 3, 0, 0, 2, 2, 2, 1, 0, 0, 1, 1, 3, 3, 0, '2012-11-12', 1, 0, 0, 0, 1, 1, 1, 15, 1, 2, 0, 3, 2, 1, 1, 1, 0, 0, NULL, NULL, NULL),
(240, '0000-00-00', 2, 0, 2, 2, 2, 0, 2, 1, 59, 5, 3, 0, 0, 3, 1, 2, 1, 0, 0, 2, 2, 3, 3, 0, '2010-02-15', 1, 0, 0, 0, 1, 1, 1, 7, 1, 1, 0, 3, 2, 3, 2, 1, 0, 0, NULL, NULL, NULL),
(241, '0000-00-00', 2, 0, 2, 2, 2, 0, 3, 3, 64, 50, 3, 0, 0, 3, 4, 2, 4, 0, 0, 2, 3, 3, 3, 0, '2009-08-06', 1, 0, 0, 0, 1, 1, 2, 27, 1, 1, 0, 3, 2, 3, 2, 3, 0, 0, NULL, NULL, NULL),
(242, '0000-00-00', 2, 0, 1, 1, 2, 0, 1, 1, 66, 0, 3, 0, 1, 3, 1, 2, 5, 0, 0, 2, 3, 3, 3, 0, '2012-07-16', 1, 0, 0, 0, 2, 1, 2, 5, 1, 1, 0, 3, 2, 1, 2, 1, 0, 0, NULL, NULL, NULL),
(243, '0000-00-00', 2, 0, 2, 2, 2, 0, 2, 1, 46, 4, 3, 0, 0, 3, 2, 1, 2, 0, 0, 2, 3, 3, 3, 0, '2011-11-30', 1, 0, 0, 0, 1, 1, 1, 6, 1, 1, 0, 3, 2, 3, 2, 1, 0, 0, NULL, NULL, NULL),
(244, '0000-00-00', 2, 0, 2, 2, 2, 0, 2, 1, 68, 2, 3, 0, 0, 3, 2, 2, 1, 0, 0, 2, 1, 3, 3, 0, '2011-10-26', 1, 0, 0, 0, 1, 1, 2, 3, 1, 1, 0, 3, 2, 3, 2, 3, 0, 0, NULL, NULL, NULL),
(245, '0000-00-00', 2, 0, 2, 2, 1, 0, 2, 2, 60, 3, 3, 0, 0, 3, 2, 2, 1, 0, 0, 1, 1, 3, 3, 0, '2012-08-20', 1, 0, 0, 0, 1, 1, 1, 30, 1, 2, 0, 3, 2, 3, 2, 1, 0, 0, NULL, NULL, NULL),
(246, '0000-00-00', 2, 0, 3, 2, 2, 0, 5, 1, 63, 5, 3, 0, 0, 3, 1, 2, 1, 0, 0, 2, 3, 3, 3, 0, '2015-02-20', 1, 0, 0, 0, 1, 1, 2, 7, 1, 1, 0, 3, 2, 3, 1, 3, 0, 0, NULL, NULL, NULL),
(247, '0000-00-00', 2, 0, 1, 2, 2, 0, 2, 3, 55, 50, 3, 0, 0, 3, 2, 2, 2, 0, 0, 2, 1, 3, 3, 0, '2013-01-08', 1, 0, 0, 0, 1, 1, 2, 15, 1, 1, 0, 1, 2, 3, 2, 2, 0, 0, NULL, NULL, NULL),
(248, '0000-00-00', 1, 0, 1, 2, 2, 0, 3, 1, 56, 17, 3, 0, 0, 3, 3, 2, 3, 0, 0, 1, 3, 3, 3, 0, '2015-06-18', 1, 0, 0, 0, 1, 1, 2, 15, 1, 2, 0, 3, 2, 3, 2, 1, 0, 0, NULL, NULL, NULL),
(249, '0000-00-00', 2, 0, 3, 1, 2, 0, 2, 1, 67, 20, 3, 0, 0, 3, 2, 2, 2, 0, 0, 2, 3, 3, 3, 0, '2013-11-26', 1, 0, 0, 0, 1, 1, 2, 6, 1, 1, 0, 3, 2, 3, 2, 2, 0, 0, NULL, NULL, NULL),
(250, '0000-00-00', 2, 0, 0, 2, 2, 0, 5, 1, 68, 80, 3, 0, 0, 2, 3, 1, 2, 0, 0, 1, 3, 3, 3, 0, '2013-09-17', 1, 0, 0, 0, 1, 1, 2, 20, 1, 1, 0, 3, 2, 3, 1, 1, 0, 0, NULL, NULL, NULL),
(251, '0000-00-00', 1, 0, 3, 2, 2, 0, 5, 3, 58, 40, 2, 0, 0, 3, 3, 2, 1, 0, 0, 2, 3, 2, 3, 0, '2014-09-02', 1, 0, 0, 0, 1, 1, 2, 12, 1, 1, 0, 2, 2, 3, 1, 4, 0, 0, NULL, NULL, NULL),
(252, '0000-00-00', 1, 0, 3, 2, 2, 0, 3, 1, 56, 10, 3, 0, 0, 3, 4, 2, 3, 0, 0, 2, 3, 3, 3, 0, '2015-03-17', 1, 0, 0, 0, 1, 2, 1, 47, 1, 1, 0, 3, 2, 3, 2, 2, 0, 0, NULL, NULL, NULL),
(253, '0000-00-00', 1, 0, 3, 2, 2, 0, 3, 1, 67, 10, 3, 0, 0, 3, 4, 2, 1, 0, 0, 2, 1, 3, 3, 0, '2009-06-09', 1, 0, 0, 0, 1, 1, 1, 18, 1, 1, 0, 3, 2, 2, 1, 1, 0, 0, NULL, NULL, NULL),
(254, '0000-00-00', 1, 0, 3, 2, 2, 0, 4, 2, 73, 30, 2, 0, 0, 3, 4, 2, 4, 0, 0, 1, 1, 2, 3, 0, '2015-05-18', 1, 0, 0, 0, 1, 1, 1, 90, 1, 2, 0, 2, 1, 3, 1, 2, 0, 0, NULL, NULL, NULL),
(255, '0000-00-00', 1, 0, 2, 1, 2, 0, 3, 2, 68, 80, 2, 0, 0, 1, 4, 2, 4, 0, 0, 2, 1, 2, 3, 0, '2014-09-15', 1, 0, 0, 0, 1, 1, 2, 50, 1, 1, 0, 3, 1, 3, 1, 1, 0, 0, NULL, NULL, NULL),
(256, '0000-00-00', 1, 0, 3, 1, 2, 0, 3, 2, 64, 50, 3, 0, 1, 3, 3, 2, 5, 0, 0, 2, 1, 3, 3, 0, '2013-04-02', 1, 0, 0, 0, 2, 1, 2, 7, 1, 3, 0, 3, 2, 3, 2, 2, 0, 0, NULL, NULL, NULL),
(257, '0000-00-00', 1, 0, 2, 2, 2, 0, 3, 2, 53, 33, 3, 0, 0, 1, 4, 2, 4, 0, 0, 1, 1, 3, 3, 0, '2015-02-19', 1, 0, 0, 0, 1, 1, 2, 30, 1, 2, 0, 3, 1, 3, 1, 1, 0, 0, NULL, NULL, NULL),
(258, '0000-00-00', 2, 0, 2, 2, 2, 0, 3, 2, 60, 60, 3, 0, 0, 3, 3, 1, 1, 0, 0, 1, 3, 3, 3, 0, '2009-04-21', 1, 0, 0, 0, 1, 1, 2, 15, 1, 2, 0, 3, 2, 3, 1, 1, 0, 0, NULL, NULL, NULL),
(259, '0000-00-00', 1, 0, 3, 2, 2, 0, 3, 1, 57, 45, 3, 0, 1, 2, 3, 2, 5, 0, 0, 2, 1, 3, 3, 0, '2011-11-07', 1, 0, 0, 0, 1, 1, 2, 23, 1, 3, 0, 3, 2, 3, 1, 1, 0, 0, NULL, NULL, NULL),
(260, '0000-00-00', 2, 0, 3, 1, 2, 0, 1, 1, 59, 50, 3, 0, 0, 3, 1, 2, 1, 0, 0, 2, 1, 3, 2, 0, '2009-04-23', 1, 0, 0, 0, 2, 1, 2, 20, 1, 1, 0, 3, 2, 3, 2, 2, 0, 0, NULL, NULL, NULL),
(261, '0000-00-00', 2, 0, 2, 1, 2, 0, 3, 1, 63, 40, 3, 0, 0, 2, 4, 2, 3, 0, 0, 1, 2, 3, 3, 0, '2008-12-11', 1, 0, 0, 0, 2, 1, 2, 25, 1, 1, 0, 3, 1, 3, 2, 1, 0, 0, NULL, NULL, NULL),
(262, '0000-00-00', 1, 0, 0, 2, 2, 0, 3, 1, 62, 8, 3, 0, 0, 3, 3, 2, 1, 0, 0, 2, 1, 3, 3, 0, '2010-10-18', 1, 0, 0, 0, 2, 1, 2, 35, 1, 1, 0, 3, 2, 3, 1, 0, 0, 0, NULL, NULL, NULL),
(263, '0000-00-00', 2, 0, 2, 1, 2, 0, 2, 1, 62, 25, 3, 0, 0, 3, 3, 2, 3, 0, 0, 2, 1, 3, 3, 0, '2010-09-28', 1, 0, 0, 0, 1, 1, 1, 16, 1, 1, 0, 3, 2, 1, 1, 4, 0, 0, NULL, NULL, NULL),
(264, '0000-00-00', 1, 0, 2, 2, 2, 0, 3, 1, 44, 20, 3, 0, 0, 3, 4, 2, 3, 0, 0, 2, 3, 3, 3, 0, '2011-10-18', 1, 0, 0, 0, 1, 1, 1, 25, 1, 1, 0, 3, 1, 3, 1, 4, 0, 0, NULL, NULL, NULL),
(265, '0000-00-00', 1, 0, 2, 2, 2, 0, 3, 1, 63, 30, 3, 0, 0, 2, 4, 2, 3, 0, 0, 1, 1, 3, 3, 0, '2013-06-12', 1, 0, 0, 0, 1, 1, 2, 20, 1, 2, 0, 1, 1, 3, 1, 1, 0, 0, NULL, NULL, NULL),
(266, '0000-00-00', 2, 0, 3, 2, 1, 0, 2, 1, 59, 15, 3, 0, 2, 2, 3, 1, 3, 0, 0, 1, 3, 3, 3, 0, '2015-11-16', 1, 0, 0, 0, 1, 1, 2, 50, 1, 1, 0, 3, 2, 3, 1, 2, 0, 0, NULL, NULL, NULL),
(267, '0000-00-00', 1, 0, 3, 2, 2, 0, 3, 2, 64, 20, 3, 0, 0, 3, 1, 2, 5, 0, 0, 1, 1, 3, 1, 0, '2010-05-24', 1, 0, 0, 0, 1, 4, 2, 52, 1, 2, 0, 3, 1, 3, 1, 1, 14, 0, NULL, NULL, NULL),
(268, '0000-00-00', 2, 0, 2, 2, 2, 0, 1, 1, 68, 6, 3, 0, 1, 3, 4, 2, 4, 0, 0, 2, 1, 3, 3, 0, '2014-07-17', 1, 0, 0, 0, 2, 1, 2, 15, 1, 1, 0, 3, 2, 3, 2, 1, 14, 0, NULL, NULL, NULL),
(269, '0000-00-00', 1, 0, 3, 2, 2, 0, 3, 2, 54, 60, 3, 0, 0, 2, 4, 2, 4, 0, 0, 2, 3, 3, 3, 0, '2012-02-13', 1, 0, 0, 0, 1, 1, 2, 37, 1, 1, 0, 1, 1, 3, 1, 2, 0, 0, NULL, NULL, NULL),
(270, NULL, 0, 0, 0, 0, 0, NULL, 0, 0, NULL, NULL, 0, NULL, NULL, 0, 0, 0, 0, NULL, NULL, 0, 0, 0, 0, NULL, NULL, 0, NULL, NULL, NULL, 0, 0, 0, NULL, 0, 0, 0, 0, 0, 0, 0, 0, NULL, 0, NULL, NULL, NULL),
(271, NULL, 0, 0, 0, 0, 0, NULL, 0, 0, NULL, NULL, 0, NULL, NULL, 0, 0, 0, 0, NULL, NULL, 0, 0, 0, 0, NULL, NULL, 0, NULL, NULL, NULL, 0, 0, 0, NULL, 0, 0, 0, 0, 0, 0, 0, 0, NULL, 0, NULL, NULL, NULL);

-- --------------------------------------------------------

--
-- Estructura de tabla para la tabla `django_admin_log`
--

CREATE TABLE `django_admin_log` (
  `id` int(11) NOT NULL,
  `action_time` datetime(6) NOT NULL,
  `object_id` longtext DEFAULT NULL,
  `object_repr` varchar(200) NOT NULL,
  `action_flag` smallint(5) UNSIGNED NOT NULL CHECK (`action_flag` >= 0),
  `change_message` longtext NOT NULL,
  `content_type_id` int(11) DEFAULT NULL,
  `user_id` int(11) NOT NULL
) ENGINE=InnoDB DEFAULT CHARSET=utf8mb4;

--
-- Volcado de datos para la tabla `django_admin_log`
--

INSERT INTO `django_admin_log` (`id`, `action_time`, `object_id`, `object_repr`, `action_flag`, `change_message`, `content_type_id`, `user_id`) VALUES
(1, '2021-12-16 20:59:47.841434', '3', 'Adrian', 1, '[{\"added\": {}}]', 4, 2),
(2, '2021-12-16 21:00:36.191275', '3', 'Adrian', 2, '[{\"changed\": {\"fields\": [\"First name\", \"Last name\", \"Email address\"]}}]', 4, 2),
(3, '2021-12-16 21:00:49.834941', '3', 'anieto', 2, '[{\"changed\": {\"fields\": [\"Username\"]}}]', 4, 2),
(4, '2022-05-16 18:26:48.227625', '4', 'Javier', 1, '[{\"added\": {}}]', 4, 2),
(5, '2022-05-16 18:31:55.530132', '4', 'Javier', 3, '', 4, 2);

-- --------------------------------------------------------

--
-- Estructura de tabla para la tabla `django_content_type`
--

CREATE TABLE `django_content_type` (
  `id` int(11) NOT NULL,
  `app_label` varchar(100) NOT NULL,
  `model` varchar(100) NOT NULL
) ENGINE=InnoDB DEFAULT CHARSET=utf8mb4;

--
-- Volcado de datos para la tabla `django_content_type`
--

INSERT INTO `django_content_type` (`id`, `app_label`, `model`) VALUES
(1, 'admin', 'logentry'),
(3, 'auth', 'group'),
(2, 'auth', 'permission'),
(4, 'auth', 'user'),
(5, 'contenttypes', 'contenttype'),
(7, 'core', 'medico'),
(9, 'core', 'psa'),
(8, 'core', 'variables'),
(6, 'sessions', 'session');

-- --------------------------------------------------------

--
-- Estructura de tabla para la tabla `django_migrations`
--

CREATE TABLE `django_migrations` (
  `id` bigint(20) NOT NULL,
  `app` varchar(255) NOT NULL,
  `name` varchar(255) NOT NULL,
  `applied` datetime(6) NOT NULL
) ENGINE=InnoDB DEFAULT CHARSET=utf8mb4;

--
-- Volcado de datos para la tabla `django_migrations`
--

INSERT INTO `django_migrations` (`id`, `app`, `name`, `applied`) VALUES
(1, 'contenttypes', '0001_initial', '2021-12-01 20:42:10.912121'),
(2, 'auth', '0001_initial', '2021-12-01 20:42:11.315153'),
(3, 'admin', '0001_initial', '2021-12-01 20:42:11.415657'),
(4, 'admin', '0002_logentry_remove_auto_add', '2021-12-01 20:42:11.421676'),
(5, 'admin', '0003_logentry_add_action_flag_choices', '2021-12-01 20:42:11.431022'),
(6, 'contenttypes', '0002_remove_content_type_name', '2021-12-01 20:42:11.484736'),
(7, 'auth', '0002_alter_permission_name_max_length', '2021-12-01 20:42:11.532266'),
(8, 'auth', '0003_alter_user_email_max_length', '2021-12-01 20:42:11.546604'),
(9, 'auth', '0004_alter_user_username_opts', '2021-12-01 20:42:11.554887'),
(10, 'auth', '0005_alter_user_last_login_null', '2021-12-01 20:42:11.601591'),
(11, 'auth', '0006_require_contenttypes_0002', '2021-12-01 20:42:11.601591'),
(12, 'auth', '0007_alter_validators_add_error_messages', '2021-12-01 20:42:11.609593'),
(13, 'auth', '0008_alter_user_username_max_length', '2021-12-01 20:42:11.629422'),
(14, 'auth', '0009_alter_user_last_name_max_length', '2021-12-01 20:42:11.645943'),
(15, 'auth', '0010_alter_group_name_max_length', '2021-12-01 20:42:11.662705'),
(16, 'auth', '0011_update_proxy_permissions', '2021-12-01 20:42:11.673329'),
(17, 'auth', '0012_alter_user_first_name_max_length', '2021-12-01 20:42:11.692398'),
(18, 'sessions', '0001_initial', '2021-12-01 20:42:11.720965'),
(19, 'core', '0001_initial', '2021-12-07 15:20:32.752658'),
(20, 'core', '0002_auto_20211207_1640', '2021-12-07 15:40:15.988472'),
(21, 'core', '0003_auto_20220214_2113', '2022-02-14 20:13:59.551308'),
(22, 'core', '0004_auto_20220217_1756', '2022-02-17 16:56:21.721720'),
(23, 'core', '0005_auto_20220309_1743', '2022-03-09 16:45:12.845785'),
(24, 'core', '0006_alter_psa_tdupli', '2022-03-09 17:08:19.156400'),
(25, 'core', '0007_alter_psa_tseg', '2022-03-10 17:00:47.527179'),
(26, 'core', '0008_auto_20220412_1741', '2022-04-12 15:41:46.152044'),
(27, 'core', '0009_auto_20220418_1937', '2022-04-18 17:37:28.276281'),
(28, 'core', '0010_variables_fecha_nacimiento', '2022-04-20 17:24:42.570739');

-- --------------------------------------------------------

--
-- Estructura de tabla para la tabla `django_session`
--

CREATE TABLE `django_session` (
  `session_key` varchar(40) NOT NULL,
  `session_data` longtext NOT NULL,
  `expire_date` datetime(6) NOT NULL
) ENGINE=InnoDB DEFAULT CHARSET=utf8mb4;

--
-- Volcado de datos para la tabla `django_session`
--

INSERT INTO `django_session` (`session_key`, `session_data`, `expire_date`) VALUES
('186dksm6lehjul7y3qo12qmn8p7mg4fg', '.eJxVjDEOwjAMRe-SGUWOS4JhZOcMkZ0YUkCJ1LQT4u5QqQOs_733XybyMpe4dJ3imM3JoNn9bsLpoXUF-c711mxqdZ5GsatiN9rtpWV9njf376BwL99aURgYB8_CAXBIR2Kv-wOSo4QhEPkrBEgOciZmRQ0sBIgCTsWLeX8A3fs32Q:1nEyHT:bEkUO1hUoJHvrmObrNa9oaLeznKHxSkj6QB-vBlOgz0', '2022-02-15 18:53:31.740348'),
('2ikpcpgk59oeoszxrdcujluolbaq55vv', '.eJxVjDEOwjAMRe-SGUWOS4JhZOcMkZ0YUkCJ1LQT4u5QqQOs_733XybyMpe4dJ3imM3JoNn9bsLpoXUF-c711mxqdZ5GsatiN9rtpWV9njf376BwL99aURgYB8_CAXBIR2Kv-wOSo4QhEPkrBEgOciZmRQ0sBIgCTsWLeX8A3fs32Q:1nKMej:1zUnHoekpAOeZp3_NKYIpCUo5EZPeNdGhu9OesGJuJY', '2022-03-02 15:55:49.299778'),
('86vxnhkvlanwgd98c0ezkipbz24j7pw0', '.eJxVjDEOwjAMRe-SGUWOS4JhZOcMkZ0YUkCJ1LQT4u5QqQOs_733XybyMpe4dJ3imM3JoNn9bsLpoXUF-c711mxqdZ5GsatiN9rtpWV9njf376BwL99aURgYB8_CAXBIR2Kv-wOSo4QhEPkrBEgOciZmRQ0sBIgCTsWLeX8A3fs32Q:1nqIUo:xgftMz5INs2JUbD44pxM3WaMRlp-H1KEgEz-S0W_U2c', '2022-05-29 17:57:34.611341'),
('8qwxg5x6uozeun86bcugtgq9qklvcd5c', '.eJxVjDEOwjAMRe-SGUWOS4JhZOcMkZ0YUkCJ1LQT4u5QqQOs_733XybyMpe4dJ3imM3JoNn9bsLpoXUF-c711mxqdZ5GsatiN9rtpWV9njf376BwL99aURgYB8_CAXBIR2Kv-wOSo4QhEPkrBEgOciZmRQ0sBIgCTsWLeX8A3fs32Q:1nPSa8:U6yIluGRrx0C95oEDsgw7Rt-kZMTmm3e-XoqnwP8tYU', '2022-03-16 17:16:08.976382'),
('8y8yfcdp2xnswhdrv0lft4e32ecdvio5', '.eJxVjDEOwjAMRe-SGUWOS4JhZOcMkZ0YUkCJ1LQT4u5QqQOs_733XybyMpe4dJ3imM3JoNn9bsLpoXUF-c711mxqdZ5GsatiN9rtpWV9njf376BwL99aURgYB8_CAXBIR2Kv-wOSo4QhEPkrBEgOciZmRQ0sBIgCTsWLeX8A3fs32Q:1nC37t:_3Q9vaCh0Vt1DC8RRMgtxNkTT7lL2Nkh8qjB8bd5MRc', '2022-02-07 17:27:33.669299'),
('9f0o77d22y77t4zi1zgsyekm1624qcwk', '.eJxVjDEOwjAMRe-SGUWOS4JhZOcMkZ0YUkCJ1LQT4u5QqQOs_733XybyMpe4dJ3imM3JoNn9bsLpoXUF-c711mxqdZ5GsatiN9rtpWV9njf376BwL99aURgYB8_CAXBIR2Kv-wOSo4QhEPkrBEgOciZmRQ0sBIgCTsWLeX8A3fs32Q:1nC3Ub:hhBk45wntFksXTa4HobQ8a0nC4P-UIIxMNx8pAhRPHY', '2022-02-07 17:51:01.632333'),
('bonzr7599y5r42vheiczpcyp8yxelx45', '.eJxVjDEOwjAMRe-SGUWOS4JhZOcMkZ0YUkCJ1LQT4u5QqQOs_733XybyMpe4dJ3imM3JoNn9bsLpoXUF-c711mxqdZ5GsatiN9rtpWV9njf376BwL99aURgYB8_CAXBIR2Kv-wOSo4QhEPkrBEgOciZmRQ0sBIgCTsWLeX8A3fs32Q:1mxzuP:LbRMaHxQ2XRvsfBW3FjQZcN7sBLO6uYv60KsjXFasng', '2021-12-30 23:11:33.033053'),
('cd4rh396iky8yfa2kxczi4kedq7wwi9k', '.eJxVjDEOwjAMRe-SGUWOS4JhZOcMkZ0YUkCJ1LQT4u5QqQOs_733XybyMpe4dJ3imM3JoNn9bsLpoXUF-c711mxqdZ5GsatiN9rtpWV9njf376BwL99aURgYB8_CAXBIR2Kv-wOSo4QhEPkrBEgOciZmRQ0sBIgCTsWLeX8A3fs32Q:1nPSKk:BEDCsNx4vXQIj8sCzXxBqkT8crbTu0jKNsJ049Acv3Q', '2022-03-16 17:00:14.634199'),
('cdv1iozmcgu38bgnk8kvz9wmvzuo0h0r', '.eJxVjDEOwjAMRe-SGUWOS4JhZOcMkZ0YUkCJ1LQT4u5QqQOs_733XybyMpe4dJ3imM3JoNn9bsLpoXUF-c711mxqdZ5GsatiN9rtpWV9njf376BwL99aURgYB8_CAXBIR2Kv-wOSo4QhEPkrBEgOciZmRQ0sBIgCTsWLeX8A3fs32Q:1nCmkR:ziruCFAB-IBvUtCsrnQd6xP0xA_J1SWYxb-MOFO46so', '2022-02-09 18:10:23.842079'),
('fb5ot2buhni2pajreytokf7z06bksq8k', '.eJxVjDEOwjAMRe-SGUWOS4JhZOcMkZ0YUkCJ1LQT4u5QqQOs_733XybyMpe4dJ3imM3JoNn9bsLpoXUF-c711mxqdZ5GsatiN9rtpWV9njf376BwL99aURgYB8_CAXBIR2Kv-wOSo4QhEPkrBEgOciZmRQ0sBIgCTsWLeX8A3fs32Q:1mxzMk:_1npPWRdgYwT-3nPzgJ-KIveiDHdkLikIIdqLP5wdpA', '2021-12-30 22:36:46.124764'),
('g3b6ria4nmbhrrsqouipgboyh6wnpmdw', '.eJxVjDEOwjAMRe-SGUWOS4JhZOcMkZ0YUkCJ1LQT4u5QqQOs_733XybyMpe4dJ3imM3JoNn9bsLpoXUF-c711mxqdZ5GsatiN9rtpWV9njf376BwL99aURgYB8_CAXBIR2Kv-wOSo4QhEPkrBEgOciZmRQ0sBIgCTsWLeX8A3fs32Q:1nKMjs:sDGy1wDxWelx_ifVqd-y2ADxPcOfMGsGzGI_-0Xh4Gc', '2022-03-02 16:01:08.305531'),
('i5sip5p9f8csh4jo03sbod2cc9mx4pkg', '.eJxVjDEOwjAMRe-SGUWOS4JhZOcMkZ0YUkCJ1LQT4u5QqQOs_733XybyMpe4dJ3imM3JoNn9bsLpoXUF-c711mxqdZ5GsatiN9rtpWV9njf376BwL99aURgYB8_CAXBIR2Kv-wOSo4QhEPkrBEgOciZmRQ0sBIgCTsWLeX8A3fs32Q:1nC2Lr:f-fOHWsbwMLuKJCcOmU2-nM0pjELyIYT-yfxl8mpxYw', '2022-02-07 16:37:55.041514'),
('l3ffktbi61b4j4bzy00kkdfypfslxc4y', '.eJxVjDEOwjAMRe-SGUWOS4JhZOcMkZ0YUkCJ1LQT4u5QqQOs_733XybyMpe4dJ3imM3JoNn9bsLpoXUF-c711mxqdZ5GsatiN9rtpWV9njf376BwL99aURgYB8_CAXBIR2Kv-wOSo4QhEPkrBEgOciZmRQ0sBIgCTsWLeX8A3fs32Q:1mxyqS:CgkudOK5rX2AqBKZmB11nE27_NZItZYpJTdIWTCmjpg', '2021-12-30 22:03:24.465535'),
('l4s7qfyhdlwf070cj1ce33lyea2i9aor', '.eJxVjDEOwjAMRe-SGUWOS4JhZOcMkZ0YUkCJ1LQT4u5QqQOs_733XybyMpe4dJ3imM3JoNn9bsLpoXUF-c711mxqdZ5GsatiN9rtpWV9njf376BwL99aURgYB8_CAXBIR2Kv-wOSo4QhEPkrBEgOciZmRQ0sBIgCTsWLeX8A3fs32Q:1nUYQf:pZ2EWGG5CCOKD2M7K5MfL_AH9AzmzjhRYsqaaBESYcg', '2022-03-30 18:31:25.766438'),
('m3tg9itwddkmz6f0hkqlve9bxw2gaspi', '.eJxVjDEOwjAMRe-SGUWOS4JhZOcMkZ0YUkCJ1LQT4u5QqQOs_733XybyMpe4dJ3imM3JoNn9bsLpoXUF-c711mxqdZ5GsatiN9rtpWV9njf376BwL99aURgYB8_CAXBIR2Kv-wOSo4QhEPkrBEgOciZmRQ0sBIgCTsWLeX8A3fs32Q:1nZvrP:JooIb2lyMeDqQDs1RS06dSzECsUz_JFqRQL76U0vl90', '2022-04-14 14:33:15.183171'),
('n4ovu11yfgoq4avogvptzmmbfa6y6oh9', '.eJxVjDEOwjAMRe-SGUWOS4JhZOcMkZ0YUkCJ1LQT4u5QqQOs_733XybyMpe4dJ3imM3JoNn9bsLpoXUF-c711mxqdZ5GsatiN9rtpWV9njf376BwL99aURgYB8_CAXBIR2Kv-wOSo4QhEPkrBEgOciZmRQ0sBIgCTsWLeX8A3fs32Q:1mxxMK:7dFB3ooenzXcfAgllecM1mpZ0a3CiLv_a8b0yGwJGzc', '2021-12-30 20:28:12.660400'),
('n4t9itbn8tc75c1dky3y9s0r449tbjcl', '.eJxVjDEOwjAMRe-SGUWOS4JhZOcMkZ0YUkCJ1LQT4u5QqQOs_733XybyMpe4dJ3imM3JoNn9bsLpoXUF-c711mxqdZ5GsatiN9rtpWV9njf376BwL99aURgYB8_CAXBIR2Kv-wOSo4QhEPkrBEgOciZmRQ0sBIgCTsWLeX8A3fs32Q:1myAy9:pSlC2OpnUuFT2o4mgJINu2a7Jq7T4d4QsZ103exZrZ0', '2021-12-31 11:00:09.274638'),
('ny7opefz95he2jlm78cy2egti32n86kg', '.eJxVjDEOwjAMRe-SGUWOS4JhZOcMkZ0YUkCJ1LQT4u5QqQOs_733XybyMpe4dJ3imM3JoNn9bsLpoXUF-c711mxqdZ5GsatiN9rtpWV9njf376BwL99aURgYB8_CAXBIR2Kv-wOSo4QhEPkrBEgOciZmRQ0sBIgCTsWLeX8A3fs32Q:1nmZP6:dgHKJlhyrusMCvs7XG2AU3lI7RapYIJWxbNEKd5z8nU', '2022-05-19 11:12:16.542759'),
('o34ko9af3s6oyraxpyua9wma4tthmwbq', '.eJxVjDEOwjAMRe-SGUWOS4JhZOcMkZ0YUkCJ1LQT4u5QqQOs_733XybyMpe4dJ3imM3JoNn9bsLpoXUF-c711mxqdZ5GsatiN9rtpWV9njf376BwL99aURgYB8_CAXBIR2Kv-wOSo4QhEPkrBEgOciZmRQ0sBIgCTsWLeX8A3fs32Q:1nKMls:85ZIuHriGKEHD-IoIILCwxXztp5HCZ8Hqi9dnszfdxw', '2022-03-02 16:03:12.842971'),
('ozl0j72qplo7q9pbcf7okjiswafq26q2', '.eJxVjDEOwjAMRe-SGUWOS4JhZOcMkZ0YUkCJ1LQT4u5QqQOs_733XybyMpe4dJ3imM3JoNn9bsLpoXUF-c711mxqdZ5GsatiN9rtpWV9njf376BwL99aURgYB8_CAXBIR2Kv-wOSo4QhEPkrBEgOciZmRQ0sBIgCTsWLeX8A3fs32Q:1nCRuD:3pE7fW1i1cjnqa4Cn__6ayvo8lkgW__o2SRZ2lEY-IQ', '2022-02-08 19:55:05.442306'),
('p0dqnv4j1ak62y288455xv40uuk36sn6', '.eJxVjDEOwjAMRe-SGUWOS4JhZOcMkZ0YUkCJ1LQT4u5QqQOs_733XybyMpe4dJ3imM3JoNn9bsLpoXUF-c711mxqdZ5GsatiN9rtpWV9njf376BwL99aURgYB8_CAXBIR2Kv-wOSo4QhEPkrBEgOciZmRQ0sBIgCTsWLeX8A3fs32Q:1nqGxh:gFhH7YLXahWqIJ5iq4I6C805wiemMWtK8QXRVC73G7Q', '2022-05-29 16:19:17.145547'),
('pe7g2zjk0dq2r0rwm1y9vh3qf0zxujal', '.eJxVjDEOwjAMRe-SGUWOS4JhZOcMkZ0YUkCJ1LQT4u5QqQOs_733XybyMpe4dJ3imM3JoNn9bsLpoXUF-c711mxqdZ5GsatiN9rtpWV9njf376BwL99aURgYB8_CAXBIR2Kv-wOSo4QhEPkrBEgOciZmRQ0sBIgCTsWLeX8A3fs32Q:1nZw0j:Iaf9h08SCPNpjaAhu4Md6WaNhUeR0yZRi5X861NcXQk', '2022-04-14 14:42:53.630992'),
('rg1xru6eao3nuq8nqc88j0fz3vc59wxo', '.eJxVjDEOwjAMRe-SGUWOS4JhZOcMkZ0YUkCJ1LQT4u5QqQOs_733XybyMpe4dJ3imM3JoNn9bsLpoXUF-c711mxqdZ5GsatiN9rtpWV9njf376BwL99aURgYB8_CAXBIR2Kv-wOSo4QhEPkrBEgOciZmRQ0sBIgCTsWLeX8A3fs32Q:1nPScj:SkpTLlxem5SvTqysrFWyLvN-d_JuQzz7FldnYkvCQHI', '2022-03-16 17:18:49.561168'),
('sc1grk9ewe5uov4bu731hjj3t2zknb3z', '.eJxVjDEOwjAMRe-SGUWOS4JhZOcMkZ0YUkCJ1LQT4u5QqQOs_733XybyMpe4dJ3imM3JoNn9bsLpoXUF-c711mxqdZ5GsatiN9rtpWV9njf376BwL99aURgYB8_CAXBIR2Kv-wOSo4QhEPkrBEgOciZmRQ0sBIgCTsWLeX8A3fs32Q:1nqHK6:vx7xqo0AhhSje8-7I5VELCsTLaw0FvcLOIlbKamFKZY', '2022-05-29 16:42:26.839065'),
('t6opozh87syip10lm4kd2v8qi67ic2q7', '.eJxVjDEOwjAMRe-SGUWOS4JhZOcMkZ0YUkCJ1LQT4u5QqQOs_733XybyMpe4dJ3imM3JoNn9bsLpoXUF-c711mxqdZ5GsatiN9rtpWV9njf376BwL99aURgYB8_CAXBIR2Kv-wOSo4QhEPkrBEgOciZmRQ0sBIgCTsWLeX8A3fs32Q:1nCQqx:OIhzHbWilgz9PUKvJnpoyHnHToUyKRvTT3JtKalX-LY', '2022-02-08 18:47:39.740680'),
('tplhlw6xfghqeg1wrg3ka77mst0byd2o', '.eJxVjDEOwjAMRe-SGUWOS4JhZOcMkZ0YUkCJ1LQT4u5QqQOs_733XybyMpe4dJ3imM3JoNn9bsLpoXUF-c711mxqdZ5GsatiN9rtpWV9njf376BwL99aURgYB8_CAXBIR2Kv-wOSo4QhEPkrBEgOciZmRQ0sBIgCTsWLeX8A3fs32Q:1nrmfk:TbyXrFbziEjhikBGBRA4hGIgcJb91T6FdHHbM3_snZE', '2022-06-02 20:23:00.510112'),
('vndpv27kt7scll0rozbvadp3zdcsgj2t', '.eJxVjDEOwjAMRe-SGUWOS4JhZOcMkZ0YUkCJ1LQT4u5QqQOs_733XybyMpe4dJ3imM3JoNn9bsLpoXUF-c711mxqdZ5GsatiN9rtpWV9njf376BwL99aURgYB8_CAXBIR2Kv-wOSo4QhEPkrBEgOciZmRQ0sBIgCTsWLeX8A3fs32Q:1nC32E:mDZii1s9oP_XB7-5ZSDSzf26ThaYtO5_p3dAzLpGPog', '2022-02-07 17:21:42.603422'),
('zdk6wcya78yyyyx24il5h9j91dqfuan9', '.eJxVjDsOwyAQBe9CHSE-hjUp0_sMCNglOIlAMnYV5e4RkoukfTPz3syHYy_-6LT5FdmVaXb53WJIT6oD4CPUe-Op1X1bIx8KP2nnS0N63U7376CEXkYdE0SFiqLOSaAGcFnSBDALZ4wjraSxaOYACSerjJAxyGydcykjALHPF-_tN-8:1mxxsH:mCJbQsLUSf-oRIHavVbrZrZY3nQ8-Juk-FsMFoZr6cY', '2021-12-30 21:01:13.858239'),
('zlhk4gnhzmjdb2pwxwzi8r7mv87c3yqu', '.eJxVjDEOwjAMRe-SGUWOS4JhZOcMkZ0YUkCJ1LQT4u5QqQOs_733XybyMpe4dJ3imM3JoNn9bsLpoXUF-c711mxqdZ5GsatiN9rtpWV9njf376BwL99aURgYB8_CAXBIR2Kv-wOSo4QhEPkrBEgOciZmRQ0sBIgCTsWLeX8A3fs32Q:1myBGC:LYbrWw4Ebw9G4bHdU_jtQxwcD93JxbGAYr6ClsFBK4c', '2021-12-31 11:18:48.874253');

-- --------------------------------------------------------

--
-- Estructura de tabla para la tabla `medicos`
--

CREATE TABLE `medicos` (
  `ID` int(11) NOT NULL,
  `NOMBRE` varchar(45) DEFAULT NULL,
  `APELLIDOS` varchar(45) DEFAULT NULL,
  `NICK` varchar(45) DEFAULT NULL,
  `PASS` varchar(45) DEFAULT NULL
) ENGINE=InnoDB DEFAULT CHARSET=utf8;

-- --------------------------------------------------------

--
-- Estructura de tabla para la tabla `variables`
--

CREATE TABLE `variables` (
  `ID` int(11) NOT NULL,
  `FECHACIR` date DEFAULT NULL,
  `EDAD` int(11) DEFAULT NULL,
  `ETNIA` int(11) DEFAULT NULL,
  `OBESO` int(11) DEFAULT NULL,
  `HTA` int(11) DEFAULT NULL,
  `DM` int(11) DEFAULT NULL,
  `TABACO` int(11) DEFAULT NULL,
  `HEREDA` int(11) DEFAULT NULL,
  `TACTOR` int(11) DEFAULT NULL,
  `PSA_TOTAL` float DEFAULT NULL,
  `PSA_ESTRATOS` int(11) DEFAULT NULL,
  `PSALT` float DEFAULT NULL,
  `TDUPPRE` int(11) DEFAULT NULL,
  `ESTADIAJE_RM` int(11) DEFAULT NULL,
  `DIAMETRO_MAX` float DEFAULT NULL,
  `ISUP_BIO` int(11) DEFAULT NULL,
  `CORES_POS` float DEFAULT NULL,
  `NBIOPSIA` int(11) DEFAULT NULL,
  `HISTO` int(11) DEFAULT NULL,
  `GLEASON1A` int(11) DEFAULT NULL,
  `GLEASON1_PRI` int(11) DEFAULT NULL,
  `GLEASON1_SEC` int(11) DEFAULT NULL,
  `POR_CIL_POS` float DEFAULT NULL,
  `MAX_AF_CIL` float DEFAULT NULL,
  `BILAT` int(11) DEFAULT NULL,
  `IPERIN` int(11) DEFAULT NULL,
  `ILINF` int(11) DEFAULT NULL,
  `IVASCU` int(11) DEFAULT NULL,
  `TNM1` int(11) DEFAULT NULL,
  `ISUP` int(11) DEFAULT NULL,
  `FECHA_PRL` date DEFAULT NULL,
  `TRATAMIENTO` int(11) DEFAULT NULL,
  `GLEASON2A` int(11) DEFAULT NULL,
  `GLEASON2_PRI` int(11) DEFAULT NULL,
  `GLEASON2_SEC` int(11) DEFAULT NULL,
  `BILAT2` int(11) DEFAULT NULL,
  `LOCALIZ` int(11) DEFAULT NULL,
  `MULTIFOC` int(11) DEFAULT NULL,
  `VOLUMEN` float DEFAULT NULL,
  `EXTRACAP` int(11) DEFAULT NULL,
  `VVSS` int(11) DEFAULT NULL,
  `IPERIN2` int(11) DEFAULT NULL,
  `ILINF2` int(11) DEFAULT NULL,
  `IVASCU2` int(11) DEFAULT NULL,
  `PINAG` int(11) DEFAULT NULL,
  `MARGEN` int(11) DEFAULT NULL,
  `TNM2` int(11) DEFAULT NULL,
  `PSAPOS` float DEFAULT NULL,
  `TDUPLI` int(11) DEFAULT NULL,
  `T1MTX` int(11) DEFAULT NULL,
  `FECHAFIN` date DEFAULT NULL,
  `TSEGUI` int(11) DEFAULT NULL,
  `PSAFIN` float DEFAULT NULL
) ENGINE=InnoDB DEFAULT CHARSET=utf8;

--
-- 칈ndices para tablas volcadas
--

--
-- Indices de la tabla `auth_group`
--
ALTER TABLE `auth_group`
  ADD PRIMARY KEY (`id`),
  ADD UNIQUE KEY `name` (`name`);

--
-- Indices de la tabla `auth_group_permissions`
--
ALTER TABLE `auth_group_permissions`
  ADD PRIMARY KEY (`id`),
  ADD UNIQUE KEY `auth_group_permissions_group_id_permission_id_0cd325b0_uniq` (`group_id`,`permission_id`),
  ADD KEY `auth_group_permissio_permission_id_84c5c92e_fk_auth_perm` (`permission_id`);

--
-- Indices de la tabla `auth_permission`
--
ALTER TABLE `auth_permission`
  ADD PRIMARY KEY (`id`),
  ADD UNIQUE KEY `auth_permission_content_type_id_codename_01ab375a_uniq` (`content_type_id`,`codename`);

--
-- Indices de la tabla `auth_user`
--
ALTER TABLE `auth_user`
  ADD PRIMARY KEY (`id`),
  ADD UNIQUE KEY `username` (`username`);

--
-- Indices de la tabla `auth_user_groups`
--
ALTER TABLE `auth_user_groups`
  ADD PRIMARY KEY (`id`),
  ADD UNIQUE KEY `auth_user_groups_user_id_group_id_94350c0c_uniq` (`user_id`,`group_id`),
  ADD KEY `auth_user_groups_group_id_97559544_fk_auth_group_id` (`group_id`);

--
-- Indices de la tabla `auth_user_user_permissions`
--
ALTER TABLE `auth_user_user_permissions`
  ADD PRIMARY KEY (`id`),
  ADD UNIQUE KEY `auth_user_user_permissions_user_id_permission_id_14a6b632_uniq` (`user_id`,`permission_id`),
  ADD KEY `auth_user_user_permi_permission_id_1fbb5f2c_fk_auth_perm` (`permission_id`);

--
-- Indices de la tabla `core_medico`
--
ALTER TABLE `core_medico`
  ADD PRIMARY KEY (`id`);

--
-- Indices de la tabla `core_psa`
--
ALTER TABLE `core_psa`
  ADD PRIMARY KEY (`id`),
  ADD KEY `core_psa_idPac_id_ca0156e9_fk_core_variables_id` (`idPac_id`);

--
-- Indices de la tabla `core_variables`
--
ALTER TABLE `core_variables`
  ADD PRIMARY KEY (`ID`);

--
-- Indices de la tabla `django_admin_log`
--
ALTER TABLE `django_admin_log`
  ADD PRIMARY KEY (`id`),
  ADD KEY `django_admin_log_content_type_id_c4bce8eb_fk_django_co` (`content_type_id`),
  ADD KEY `django_admin_log_user_id_c564eba6_fk_auth_user_id` (`user_id`);

--
-- Indices de la tabla `django_content_type`
--
ALTER TABLE `django_content_type`
  ADD PRIMARY KEY (`id`),
  ADD UNIQUE KEY `django_content_type_app_label_model_76bd3d3b_uniq` (`app_label`,`model`);

--
-- Indices de la tabla `django_migrations`
--
ALTER TABLE `django_migrations`
  ADD PRIMARY KEY (`id`);

--
-- Indices de la tabla `django_session`
--
ALTER TABLE `django_session`
  ADD PRIMARY KEY (`session_key`),
  ADD KEY `django_session_expire_date_a5c62663` (`expire_date`);

--
-- Indices de la tabla `medicos`
--
ALTER TABLE `medicos`
  ADD PRIMARY KEY (`ID`);

--
-- Indices de la tabla `variables`
--
ALTER TABLE `variables`
  ADD PRIMARY KEY (`ID`);

--
-- AUTO_INCREMENT de las tablas volcadas
--

--
-- AUTO_INCREMENT de la tabla `auth_group`
--
ALTER TABLE `auth_group`
  MODIFY `id` int(11) NOT NULL AUTO_INCREMENT;

--
-- AUTO_INCREMENT de la tabla `auth_group_permissions`
--
ALTER TABLE `auth_group_permissions`
  MODIFY `id` bigint(20) NOT NULL AUTO_INCREMENT;

--
-- AUTO_INCREMENT de la tabla `auth_permission`
--
ALTER TABLE `auth_permission`
  MODIFY `id` int(11) NOT NULL AUTO_INCREMENT, AUTO_INCREMENT=37;

--
-- AUTO_INCREMENT de la tabla `auth_user`
--
ALTER TABLE `auth_user`
  MODIFY `id` int(11) NOT NULL AUTO_INCREMENT, AUTO_INCREMENT=5;

--
-- AUTO_INCREMENT de la tabla `auth_user_groups`
--
ALTER TABLE `auth_user_groups`
  MODIFY `id` bigint(20) NOT NULL AUTO_INCREMENT;

--
-- AUTO_INCREMENT de la tabla `auth_user_user_permissions`
--
ALTER TABLE `auth_user_user_permissions`
  MODIFY `id` bigint(20) NOT NULL AUTO_INCREMENT;

--
-- AUTO_INCREMENT de la tabla `core_medico`
--
ALTER TABLE `core_medico`
  MODIFY `id` int(11) NOT NULL AUTO_INCREMENT;

--
-- AUTO_INCREMENT de la tabla `core_psa`
--
ALTER TABLE `core_psa`
  MODIFY `id` bigint(20) NOT NULL AUTO_INCREMENT, AUTO_INCREMENT=98;

--
-- AUTO_INCREMENT de la tabla `core_variables`
--
ALTER TABLE `core_variables`
  MODIFY `ID` int(11) NOT NULL AUTO_INCREMENT, AUTO_INCREMENT=272;

--
-- AUTO_INCREMENT de la tabla `django_admin_log`
--
ALTER TABLE `django_admin_log`
  MODIFY `id` int(11) NOT NULL AUTO_INCREMENT, AUTO_INCREMENT=6;

--
-- AUTO_INCREMENT de la tabla `django_content_type`
--
ALTER TABLE `django_content_type`
  MODIFY `id` int(11) NOT NULL AUTO_INCREMENT, AUTO_INCREMENT=10;

--
-- AUTO_INCREMENT de la tabla `django_migrations`
--
ALTER TABLE `django_migrations`
  MODIFY `id` bigint(20) NOT NULL AUTO_INCREMENT, AUTO_INCREMENT=29;

--
-- AUTO_INCREMENT de la tabla `medicos`
--
ALTER TABLE `medicos`
  MODIFY `ID` int(11) NOT NULL AUTO_INCREMENT;

--
-- AUTO_INCREMENT de la tabla `variables`
--
ALTER TABLE `variables`
  MODIFY `ID` int(11) NOT NULL AUTO_INCREMENT;

--
-- Restricciones para tablas volcadas
--

--
-- Filtros para la tabla `auth_group_permissions`
--
ALTER TABLE `auth_group_permissions`
  ADD CONSTRAINT `auth_group_permissio_permission_id_84c5c92e_fk_auth_perm` FOREIGN KEY (`permission_id`) REFERENCES `auth_permission` (`id`),
  ADD CONSTRAINT `auth_group_permissions_group_id_b120cbf9_fk_auth_group_id` FOREIGN KEY (`group_id`) REFERENCES `auth_group` (`id`);

--
-- Filtros para la tabla `auth_permission`
--
ALTER TABLE `auth_permission`
  ADD CONSTRAINT `auth_permission_content_type_id_2f476e4b_fk_django_co` FOREIGN KEY (`content_type_id`) REFERENCES `django_content_type` (`id`);

--
-- Filtros para la tabla `auth_user_groups`
--
ALTER TABLE `auth_user_groups`
  ADD CONSTRAINT `auth_user_groups_group_id_97559544_fk_auth_group_id` FOREIGN KEY (`group_id`) REFERENCES `auth_group` (`id`),
  ADD CONSTRAINT `auth_user_groups_user_id_6a12ed8b_fk_auth_user_id` FOREIGN KEY (`user_id`) REFERENCES `auth_user` (`id`);

--
-- Filtros para la tabla `auth_user_user_permissions`
--
ALTER TABLE `auth_user_user_permissions`
  ADD CONSTRAINT `auth_user_user_permi_permission_id_1fbb5f2c_fk_auth_perm` FOREIGN KEY (`permission_id`) REFERENCES `auth_permission` (`id`),
  ADD CONSTRAINT `auth_user_user_permissions_user_id_a95ead1b_fk_auth_user_id` FOREIGN KEY (`user_id`) REFERENCES `auth_user` (`id`);

--
-- Filtros para la tabla `core_psa`
--
ALTER TABLE `core_psa`
  ADD CONSTRAINT `core_psa_idPac_id_ca0156e9_fk_core_variables_id` FOREIGN KEY (`idPac_id`) REFERENCES `core_variables` (`id`);

--
-- Filtros para la tabla `django_admin_log`
--
ALTER TABLE `django_admin_log`
  ADD CONSTRAINT `django_admin_log_content_type_id_c4bce8eb_fk_django_co` FOREIGN KEY (`content_type_id`) REFERENCES `django_content_type` (`id`),
  ADD CONSTRAINT `django_admin_log_user_id_c564eba6_fk_auth_user_id` FOREIGN KEY (`user_id`) REFERENCES `auth_user` (`id`);
COMMIT;

/*!40101 SET CHARACTER_SET_CLIENT=@OLD_CHARACTER_SET_CLIENT */;
/*!40101 SET CHARACTER_SET_RESULTS=@OLD_CHARACTER_SET_RESULTS */;
/*!40101 SET COLLATION_CONNECTION=@OLD_COLLATION_CONNECTION */;
